"3012434,Браслет с якорем ""Форватор Brown"",11211,https://xn--b1amp7bwb.com.ua/p708006277-braslet-yakorem-forvator.html,,шт.,1,,2018-10-27 00:00:00,2018-12-30 21:04:35,,1,0"
"3012435,""Сумочка через плечо, клатч """"Асимметрия Gray"""""",10002,https://xn--b1amp7bwb.com.ua/p674387906-sumochka-cherez-plecho.html,"""",шт.,1,,2018-10-27 00:00:00,2018-12-24 16:36:10,,1,"
"3012436,Женская кожаная сумка ""Саквояж Gold"",10003,https://xn--b1amp7bwb.com.ua/p670379252-zhenskaya-kozhanaya-sumka.html,,шт.,0,,2018-10-27 00:00:00,2018-10-27 00:00:00,,1,"
"3012437,Женская кожаная сумка ""Полина 2 Silver"",10006,https://xn--b1amp7bwb.com.ua/p670377231-zhenskaya-kozhanaya-sumka.html,,шт.,0,,2018-10-27 00:00:00,2018-10-27 00:00:00,,1,"
"3012438,Женская кожаная сумка ""Полина 2 Gold"",10007,https://xn--b1amp7bwb.com.ua/p670377076-zhenskaya-kozhanaya-sumka.html,,шт.,0,,2018-10-27 00:00:00,2018-10-27 00:00:00,,1,"
"3012439,Женский повседневный рюкзак ""Аврора Red"",10010,https://xn--b1amp7bwb.com.ua/p670358490-zhenskij-povsednevnyj-ryukzak.html,,шт.,1,,2018-10-27 00:00:00,2018-10-27 00:00:00,,1,"
"3012440,Женский повседневный рюкзак ""Аврора Blue"",10011,https://xn--b1amp7bwb.com.ua/p670358302-zhenskij-povsednevnyj-ryukzak.html,,шт.,1,,2018-10-27 00:00:00,2018-12-30 21:48:05,,1,15180"
"3012441,""Женская кожаная сумка """"Синди2b, Silver"""""",10012,https://xn--b1amp7bwb.com.ua/p670311181-zhenskaya-kozhanaya-sumka.html,,шт.,1,,2018-10-27 00:00:00,2018-12-30 21:44:51,,1,18095"
"3012442,Женский повседневный рюкзак ""Кенди Beige"",10013,https://xn--b1amp7bwb.com.ua/p670298828-zhenskij-povsednevnyj-ryukzak.html,,шт.,1,,2018-10-27 00:00:00,2018-12-30 21:48:05,,1,15218"
"3012443,Женский повседневный рюкзак ""Кенди Pink"",10014,https://xn--b1amp7bwb.com.ua/p670298285-zhenskij-povsednevnyj-ryukzak.html,,шт.,1,,2018-10-27 00:00:00,2018-12-30 21:48:06,,1,15233"
"3012444,Женский повседневный рюкзак ""Кенди Blue"",10015,https://xn--b1amp7bwb.com.ua/p670298191-zhenskij-povsednevnyj-ryukzak.html,,шт.,1,,2018-10-27 00:00:00,2018-12-30 21:48:05,,1,15226"
"3012445,Женский повседневный рюкзак-сумка (трансформер) ""Авара Pink"",10017,https://xn--b1amp7bwb.com.ua/p670297867-zhenskij-povsednevnyj-ryukzak.html,,шт.,1,,2018-10-27 00:00:00,2018-12-30 21:43:45,,1,18284"
"3012446,Женский повседневный рюкзак-сумка (трансформер) ""Авара Beige"",10018,https://xn--b1amp7bwb.com.ua/p670297738-zhenskij-povsednevnyj-ryukzak.html,,шт.,1,,2018-10-27 00:00:00,2018-12-30 21:48:05,,1,15157"
"3012447,Женский повседневный рюкзак-сумка (трансформер) ""Авара Blue"",10019,https://xn--b1amp7bwb.com.ua/p670297419-zhenskij-povsednevnyj-ryukzak.html,,шт.,1,,2018-10-27 00:00:00,2018-12-30 21:48:05,,1,15165"
"3012448,Стильная женская повседневная сумка ""Michael Kors Аманда 2 Pink 1"",10020,https://xn--b1amp7bwb.com.ua/p670288379-stilnaya-zhenskaya-povsednevnaya.html,,шт.,1,,2018-10-27 00:00:00,2018-12-30 21:39:56,,1,20686"
"3012449,Женская кожаная сумка ""Ангелина Silver"",10023,https://xn--b1amp7bwb.com.ua/p668233928-zhenskaya-kozhanaya-sumka.html,,шт.,0,,2018-10-27 00:00:00,2018-10-27 00:00:00,,1,"
"3012450,Стильная женскаяповседневная сумка ""Michael Kors Аманда2 Pink 2"",10025,https://xn--b1amp7bwb.com.ua/p668207591-stilnaya-zhenskayapovsednevnaya-sumka.html,,шт.,0,,2018-10-27 00:00:00,2018-12-30 21:43:44,,1,18327"
"3012451,Стильная женскаяповседневная сумка ""Michael Kors Аманда2 Red Wine"",10026,https://xn--b1amp7bwb.com.ua/p668205962-stilnaya-zhenskayapovsednevnaya-sumka.html,"""",шт.,1,,2018-10-27 00:00:00,2018-12-30 21:45:38,,1,16848"
"3012452,""Женская повседневная сумка """"Michael Kors, Луиза, Red Wine"""""",10027,https://xn--b1amp7bwb.com.ua/p668203895-zhenskaya-povsednevnaya-sumka.html,,шт.,1,,2018-10-27 00:00:00,2018-12-30 21:45:38,,1,16874"
"3012453,""Женская кожаная сумка """"Пуговка 2, Pink"""""",10029,https://xn--b1amp7bwb.com.ua/p668169859-zhenskaya-kozhanaya-sumka.html,,шт.,1,,2018-10-27 00:00:00,2018-12-30 21:44:33,,1,18138"
"3012454,Женская кожаная сумка ""Пуговка 3 Black"",10031,https://xn--b1amp7bwb.com.ua/p666250664-zhenskaya-kozhanaya-sumka.html,,шт.,1,,2018-10-27 00:00:00,2018-12-30 21:45:39,,1,16699"
"3012455,Женская повседневная сумка ""Michael Kors Рената Black"",10035,https://xn--b1amp7bwb.com.ua/p665808791-zhenskaya-povsednevnaya-sumka.html,,шт.,1,,2018-10-27 00:00:00,2018-12-30 21:44:33,,1,18152"
"3012456,Стильная женскаяповседневная сумка ""Michael Kors Аманда2 Black"",10036,https://xn--b1amp7bwb.com.ua/p665807829-stilnaya-zhenskayapovsednevnaya-sumka.html,,шт.,1,,2018-10-27 00:00:00,2018-12-30 21:45:38,,1,16831"
"3012457,""Часы женские, мужские, унисекс """"Элемент Black"""""",10039,https://xn--b1amp7bwb.com.ua/p664414953-chasy-zhenskie-muzhskie.html,,шт.,1,,2018-10-27 00:00:00,2018-12-30 21:39:59,,1,18357"
"3012458,""Часы женские, мужские, унисекс """"Элемент White"""""",10040,https://xn--b1amp7bwb.com.ua/p664414873-chasy-zhenskie-muzhskie.html,,шт.,1,,2018-10-27 00:00:00,2018-12-30 21:40:00,,1,18358"
"3012459,Женская повседневная сумка ""Нью Йорк Pink"",10041,https://xn--b1amp7bwb.com.ua/p659632094-zhenskaya-povsednevnaya-sumka.html,,шт.,0,,2018-10-27 00:00:00,2018-12-30 21:44:33,,1,18181"
"3012460,""Большой рюкзак для ноутбука, спорта, путешествий, городской """"Берлин Brown"""""",10042,https://xn--b1amp7bwb.com.ua/p659611884-bolshoj-ryukzak-dlya.html,,шт.,1,,2018-10-27 00:00:00,2018-12-30 21:44:32,,1,18124"
"3012461,""Большой рюкзак для ноутбука, спорта, городской """"Берлин Brown"""""",10043,https://xn--b1amp7bwb.com.ua/p659607065-bolshoj-ryukzak-dlya.html,,шт.,0,,2018-10-27 00:00:00,2018-12-30 21:44:50,,1,18120"
"3012462,Женский кожаный рюкзак ""Карина Silver"",10044,https://xn--b1amp7bwb.com.ua/p659602077-zhenskij-kozhanyj-ryukzak.html,,шт.,1,,2018-10-27 00:00:00,2018-12-30 21:39:57,,1,19249"
"3012463,Женский кожаный рюкзак ""Карина Black"",10046,https://xn--b1amp7bwb.com.ua/p659597073-zhenskij-kozhanyj-ryukzak.html,,шт.,1,,2018-10-27 00:00:00,2018-12-30 21:39:57,,1,19248"
"3012464,Женский кожаный рюкзак-сумка(трансформер) ""Анжелика Dark Brown"",10047,https://xn--b1amp7bwb.com.ua/p659582639-zhenskij-kozhanyj-ryukzak.html,,шт.,1,,2018-10-27 00:00:00,2018-12-30 21:43:46,,1,18262"
"3012465,""Тибетский браслет из бусин """"Сила шунгит, с камнями"""""",10049,https://xn--b1amp7bwb.com.ua/p656473107-tibetskij-braslet-busin.html,,шт.,0,,2018-10-27 00:00:00,2018-10-27 00:00:00,,1,"
"3012466,Тибетский браслет из бусин ""Forest"",10050,https://xn--b1amp7bwb.com.ua/p656264352-tibetskij-braslet-busin.html,""1-олива; 5-бордо; 8-черных"
",шт.,0,,2018-10-27 00:00:00,2018-12-30 21:43:44,,1,18331
3012467,Тибетский браслет из бусин Будда Инь Янь"",10051,https://xn--b1amp7bwb.com.ua/p656253325-tibetskij-braslet-busin.html,,шт.,0,,2018-10-27 00:00:00,2018-12-30 21:44:52,,1,17796"
"3012468,""Тибетский браслет из бусин """"Будда, тигровый глаз 2"""""",10052,https://xn--b1amp7bwb.com.ua/p656103694-tibetskij-braslet-busin.html,,шт.,0,,2018-10-27 00:00:00,2018-12-30 21:43:44,,1,18333"
"3012469,Женская повседневная сумка ""Фарида Black"",10053,https://xn--b1amp7bwb.com.ua/p656084954-zhenskaya-povsednevnaya-sumka.html,,шт.,1,,2018-10-27 00:00:00,2018-12-30 21:45:18,,1,17353"
"3012470,Женская повседневная сумка ""Фарида Silver"",10054,https://xn--b1amp7bwb.com.ua/p656082026-zhenskaya-povsednevnaya-sumka.html,,шт.,1,,2018-10-27 00:00:00,2018-12-30 21:45:18,,1,17387"
"3012471,Женский клатч ""Молодость 2 Light red"",10056,https://xn--b1amp7bwb.com.ua/p655539847-zhenskij-klatch-molodost.html,,шт.,1,,2018-10-27 00:00:00,2018-12-30 21:44:32,,1,18222"
"3012472,Женская повседневная сумка ""Гера Beige"",10057,https://xn--b1amp7bwb.com.ua/p655513559-zhenskaya-povsednevnaya-sumka.html,,шт.,0,,2018-10-27 00:00:00,2018-12-30 21:45:37,,1,17074"
"3012473,Женская повседневная сумка ""Гера Ginger"",10058,https://xn--b1amp7bwb.com.ua/p655513450-zhenskaya-povsednevnaya-sumka.html,,шт.,0,,2018-10-27 00:00:00,2018-12-30 21:45:37,,1,17080"
"3012474,Женская повседневная сумка ""Лада"",10059,https://xn--b1amp7bwb.com.ua/p655507418-zhenskaya-povsednevnaya-sumka.html,,шт.,0,,2018-10-27 00:00:00,2018-12-30 21:45:37,,1,17242"
"3012475,Женский клатч ""Верона Silver"",10060,https://xn--b1amp7bwb.com.ua/p654998273-zhenskij-klatch-verona.html,,шт.,1,,2018-10-27 00:00:00,2018-12-30 21:48:04,,1,15690"
"3012476,Яркий красочный рюкзак мини ""3D White"",10061,https://xn--b1amp7bwb.com.ua/p651975745-yarkij-krasochnyj-ryukzak.html,,шт.,0,,2018-10-27 00:00:00,2018-10-27 00:00:00,,1,"
"3012477,Яркий красочный рюкзак мини ""3D Red"",10062,https://xn--b1amp7bwb.com.ua/p651974086-yarkij-krasochnyj-ryukzak.html,,шт.,0,,2018-10-27 00:00:00,2018-10-27 00:00:00,,1,"
"3012478,Женская повседневная сумка ""Мадагаскар Gray"",10063,https://xn--b1amp7bwb.com.ua/p651204269-zhenskaya-povsednevnaya-sumka.html,,шт.,1,,2018-10-27 00:00:00,2018-12-30 21:44:33,,1,18179"
"3012479,Мужской повседневный рюкзак ""Tiger Blue "",10064,https://xn--b1amp7bwb.com.ua/p650710864-muzhskoj-povsednevnyj-ryukzak.html,,шт.,1,,2018-10-27 00:00:00,2018-12-30 21:44:50,,1,17979"
"3012480,Мужской повседневный рюкзак ""Tiger Сamouflage "",10065,https://xn--b1amp7bwb.com.ua/p650710114-muzhskoj-povsednevnyj-ryukzak.html,,шт.,1,,2018-10-27 00:00:00,2018-12-30 21:44:50,,1,17987"
"3012481,Мужской повседневный рюкзак ""Tiger Black "",10066,https://xn--b1amp7bwb.com.ua/p650709281-muzhskoj-povsednevnyj-ryukzak.html,,шт.,1,,2018-10-27 00:00:00,2018-12-30 21:44:50,,1,17971"
"3012482,Мужской повседневный рюкзак ""Leadhake Jean "",10067,https://xn--b1amp7bwb.com.ua/p650708213-muzhskoj-povsednevnyj-ryukzak.html,,шт.,1,,2018-10-27 00:00:00,2018-12-30 21:44:50,,1,17955"
"3012483,Мужской повседневный рюкзак ""Leadhake Gray "",10068,https://xn--b1amp7bwb.com.ua/p650706257-muzhskoj-povsednevnyj-ryukzak.html,,шт.,1,,2018-10-27 00:00:00,2018-12-30 21:44:50,,1,17947"
"3012484,Мужской повседневный рюкзак ""Leadhake Red "",10069,https://xn--b1amp7bwb.com.ua/p650705814-muzhskoj-povsednevnyj-ryukzak.html,,шт.,1,,2018-10-27 00:00:00,2018-12-30 21:44:50,,1,17963"
"3012485,Рюкзачок с паетками ""Зайка Light Pink"",10073,https://xn--b1amp7bwb.com.ua/p648418658-ryukzachok-paetkami-zajka.html,,шт.,0,,2018-10-27 00:00:00,2018-10-27 00:00:00,,1,"
"3012486,Рюкзачок с паетками ""Бантик 2 Dark Red"",10078,https://xn--b1amp7bwb.com.ua/p648409462-ryukzachok-paetkami-bantik.html,,шт.,0,,2018-10-27 00:00:00,2018-10-27 00:00:00,,1,"
"3012487,Рюкзачок с паетками ""Бантик 2 Gold"",10079,https://xn--b1amp7bwb.com.ua/p648407499-ryukzachok-paetkami-bantik.html,,шт.,0,,2018-10-27 00:00:00,2018-10-27 00:00:00,,1,"
3012488,Луиза Black,10081,https://xn--b1amp7bwb.com.ua/p648343745-zhenskaya-povsednevnaya-sumka.html,,шт.,1,,2018-10-27 00:00:00,2018-12-30 21:45:38,,1,16866
"3012489,Браслет ""Волна2 Black/Silver"",10082,https://xn--b1amp7bwb.com.ua/p647968805-braslet-volna2-blacksilver.html,,шт.,1,,2018-10-27 00:00:00,2018-12-30 21:45:17,,1,17430"
"3012490,""Кожаный браслет """"Якорек"""", для мужчин и женщин"",10084,https://xn--b1amp7bwb.com.ua/p647217947-kozhanyj-braslet-yakorek.html,""2-чорный и чорный якорь;  2-чорный с бронзовым якорем; "
",шт.,1,,2018-10-27 00:00:00,2018-12-30 21:45:16,,1,17648
3012491,Символический браслет """"LOVE"""", унисекс, подарок на День Валентина"",10085,https://xn--b1amp7bwb.com.ua/p647215412-simvolicheskij-braslet-love.html,""3-Коричневый;1-черный с коричневым; 3коричневый с черным"
",шт.,1,,2018-10-27 00:00:00,2018-12-30 21:45:17,,1,17504
3012492,Женская кожаная сумка """"Пуговка 1, Brown"""""",10086,https://xn--b1amp7bwb.com.ua/p647207789-zhenskaya-kozhanaya-sumka.html,,шт.,0,,2018-10-27 00:00:00,2018-12-30 21:44:33,,1,18136"
"3012493,Яркий кожаный рюкзак с заклепками "" Фейерверк Silver"",10089,https://xn--b1amp7bwb.com.ua/p647175961-yarkij-kozhanyj-ryukzak.html,,шт.,0,,2018-10-27 00:00:00,2018-12-30 21:39:59,,1,18860"
"3012494,Яркий кожаный рюкзак с заклепками "" Фейерверк Black"",10090,https://xn--b1amp7bwb.com.ua/p647175852-yarkij-kozhanyj-ryukzak.html,,шт.,0,,2018-10-27 00:00:00,2018-10-27 00:00:00,,1,"
"3012495,Яркий кожаный рюкзак с заклепками "" Фейерверк Red Wine"",10091,https://xn--b1amp7bwb.com.ua/p647170550-yarkij-kozhanyj-ryukzak.html,,шт.,0,,2018-10-27 00:00:00,2018-10-27 00:00:00,,1,"
"3012496,Яркий красочный рюкзак мини ""3D Green"",10092,https://xn--b1amp7bwb.com.ua/p647162908-yarkij-krasochnyj-ryukzak.html,,шт.,0,,2018-10-27 00:00:00,2018-10-27 00:00:00,,1,"
"3012497,Яркий красочный рюкзак мини ""3D Beige"",10093,https://xn--b1amp7bwb.com.ua/p647162306-yarkij-krasochnyj-ryukzak.html,,шт.,0,,2018-10-27 00:00:00,2018-10-27 00:00:00,,1,"
"3012498,Яркий красочный рюкзак мини ""3D Gold"",10094,https://xn--b1amp7bwb.com.ua/p647162013-yarkij-krasochnyj-ryukzak.html,,шт.,0,,2018-10-27 00:00:00,2018-10-27 00:00:00,,1,"
"3012499,Женская кожаная сумка ""Пуговка 3 Silver"",10095,https://xn--b1amp7bwb.com.ua/p646381630-zhenskaya-kozhanaya-sumka.html,,шт.,1,,2018-10-27 00:00:00,2018-12-30 21:45:39,,1,16735"
"3012500,Женская кожаная сумка ""Асия Black"",10096,https://xn--b1amp7bwb.com.ua/p646186562-zhenskaya-kozhanaya-sumka.html,,шт.,1,,2018-10-27 00:00:00,2018-12-30 21:45:39,,1,16573"
"3012501,Рюкзак с ушками ""Бабочка Black"",10098,https://xn--b1amp7bwb.com.ua/p644877856-ryukzak-ushkami-babochka.html,,шт.,1,,2018-10-27 00:00:00,2018-12-30 21:48:22,,1,14414"
"3012502,Женский повседневный рюкзак ""Сара"",10099,https://xn--b1amp7bwb.com.ua/p644863632-zhenskij-povsednevnyj-ryukzak.html,,шт.,0,,2018-10-27 00:00:00,2018-12-30 21:48:05,,1,15323"
"3012503,Тибетский браслет из бусин ""Сириус"",10101,https://xn--b1amp7bwb.com.ua/p644816180-tibetskij-braslet-busin.html,,шт.,1,,2018-10-27 00:00:00,2018-12-30 21:44:51,,1,17878"
"3012504,Женский клатч ""Ягодка Red"",10102,https://xn--b1amp7bwb.com.ua/p644766540-zhenskij-klatch-yagodka.html,,шт.,1,,2018-10-27 00:00:00,2018-12-30 21:45:40,,1,16536"
"3012505,""Женская кожаная сумка """"Синди4, Black"""""",10103,https://xn--b1amp7bwb.com.ua/p640865114-zhenskaya-kozhanaya-sumka.html,,шт.,1,,2018-10-27 00:00:00,2018-12-30 21:45:39,,1,16769"
"3012506,Женская кожаная сумка ""Синди 3a Silver"",10104,https://xn--b1amp7bwb.com.ua/p640861816-zhenskaya-kozhanaya-sumka.html,,шт.,1,,2018-10-27 00:00:00,2018-12-30 21:44:33,,1,18146"
"3012507,Вместительный женский кожаный рюкзак "" Агрус Black,10105,https://xn--b1amp7bwb.com.ua/p640857462-vmestitelnyj-zhenskij-kozhanyj.html,,шт.,1,,2018-10-27 00:00:00,2018-10-27 00:00:00,,1,"
"3012508,Вместительный женский кожаный рюкзак "" Агрус Bronze,10106,https://xn--b1amp7bwb.com.ua/p640856946-vmestitelnyj-zhenskij-kozhanyj.html,,шт.,1,,2018-10-27 00:00:00,2018-12-30 21:39:57,,1,20325"
"3012509,Вместительный женский кожаный рюкзак "" Агрус Blue"",10107,https://xn--b1amp7bwb.com.ua/p640855522-vmestitelnyj-zhenskij-kozhanyj.html,,шт.,1,,2018-10-27 00:00:00,2018-10-27 00:00:00,,1,"
"3012510,Женский кожаный рюкзак-сумка (трансформер) ""Милла Blue"",10108,https://xn--b1amp7bwb.com.ua/p640853533-zhenskij-kozhanyj-ryukzak.html,,шт.,1,,2018-10-27 00:00:00,2018-12-30 21:39:57,,1,19251"
"3012511,Женская кожаная сумка ""Синди 1 Pink"",10109,https://xn--b1amp7bwb.com.ua/p640843170-zhenskaya-kozhanaya-sumka.html,,шт.,1,,2018-10-27 00:00:00,2018-12-30 21:44:32,,1,18143"
"3012512,Женская кожаная сумка ""Терра Dark Green"",10112,https://xn--b1amp7bwb.com.ua/site_search?search_term=%D1%82%D0%B5%D1%80%D1%80%D0%B0,,шт.,0,,2018-10-27 00:00:00,2018-10-27 00:00:00,,1,"
"3012513,Женская повседневная сумка ""Лейла Black"",10113,https://xn--b1amp7bwb.com.ua/p639645557-zhenskaya-povsednevnaya-sumka.html,,шт.,0,,2018-10-27 00:00:00,2018-12-30 21:44:33,,1,18173"
"3012514,Шикарные длинные серьги ""Рондо"",10114,https://xn--b1amp7bwb.com.ua/p639262731-shikarnye-dlinnye-sergi.html,,шт.,0,,2018-10-27 00:00:00,2018-10-27 00:00:00,,1,"
"3012515,Красивое золотистое колье ""Агри"",10115,https://xn--b1amp7bwb.com.ua/p639241505-krasivoe-zolotistoe-kole.html,,шт.,0,,2018-10-27 00:00:00,2018-12-30 21:43:46,,1,18292"
"3012516,Женская кожаная сумка ""София 2 Black"",10116,https://xn--b1amp7bwb.com.ua/p637901199-zhenskaya-kozhanaya-sumka.html,c темной фурнитурой,шт.,1,,2018-10-27 00:00:00,2018-12-30 21:45:39,,1,16786"
"3012517,Кожаный рюкзак-сумка (трансформер) с теснением под змеиную кожу ""Питон Red Wine"",10119,https://xn--b1amp7bwb.com.ua/p637898898-kozhanyj-ryukzak-sumka.html,,шт.,1,,2018-10-27 00:00:00,2018-12-30 21:43:45,,1,18287"
"3012518,Кожаный рюкзак-сумка (трансформер) с теснением под змеиную кожу ""Питон Bronze"",10117,https://xn--b1amp7bwb.com.ua/p637899918-kozhanyj-ryukzak-sumka.html,,шт.,1,,2018-10-27 00:00:00,2018-12-30 21:48:05,,1,15009"
"3012519,Кожаный рюкзак-сумка (трансформер) с теснением под змеиную кожу ""Питон Black"",10118,https://xn--b1amp7bwb.com.ua/p637899489-kozhanyj-ryukzak-sumka.html,,шт.,1,,2018-10-27 00:00:00,2018-12-30 21:39:57,,1,19253"
"3012520,Кожаный рюкзак-сумка (трансформер) с теснением под рептилию ""Крокодил Bronze"",10121,https://xn--b1amp7bwb.com.ua/p637895869-kozhanyj-ryukzak-sumka.html,,шт.,1,,2018-10-27 00:00:00,2018-12-30 21:48:20,,1,14942"
"3012521,Кожаный рюкзак-сумка (трансформер) с теснением под рептилию ""Крокодил Brown"",10122,https://xn--b1amp7bwb.com.ua/p637894696-kozhanyj-ryukzak-sumka.html,,шт.,1,,2018-10-27 00:00:00,2018-12-30 21:43:45,,1,18288"
"3012522,Женский кожаный рюкзак-сумка (трансформер) ""Анжелика Gray"",10123,https://xn--b1amp7bwb.com.ua/p637889626-zhenskij-kozhanyj-ryukzak.html,1- светло серый.,шт.,1,,2018-10-27 00:00:00,2018-12-30 21:43:46,,1,18257"
"3012523,Женский кожаный рюкзак-сумка(трансформер) ""Анжелика Green"",10124,https://xn--b1amp7bwb.com.ua/p637887734-zhenskij-kozhanyj-ryukzak.html,,шт.,1,,2018-10-27 00:00:00,2018-12-30 21:43:45,,1,18263"
"3012524,Кожаный рюкзак-сумка (трансформер) с теснением под рептилию ""Крокодил Black"",10125,https://xn--b1amp7bwb.com.ua/p637886768-kozhanyj-ryukzak-sumka.html,,шт.,1,,2018-10-27 00:00:00,2018-12-30 21:48:20,,1,14934"
"3012525,""Женский повседневный рюкзак, цвет серебро""""Астерликс"""""",10126,https://xn--b1amp7bwb.com.ua/p637782647-zhenskij-povsednevnyj-ryukzak.html,,шт.,1,,2018-10-27 00:00:00,2018-12-30 21:48:05,,1,15194"
"3012526,Стильный серебристый рюкзак-мини ""Мираж Bronze"",10127,https://xn--b1amp7bwb.com.ua/p637770909-stilnyj-serebristyj-ryukzak.html,,шт.,0,,2018-10-27 00:00:00,2018-12-30 21:43:44,,1,18328"
"3012527,""Мужской рюкзак для ноутбука, спорта, путешествий, городской """"Марс"""""",10129,https://xn--b1amp7bwb.com.ua/p637757761-muzhskoj-ryukzak-dlya.html,,шт.,0,,2018-10-27 00:00:00,2018-12-30 21:44:53,,1,17995"
"3012528,Стильная женскаяповседневная сумка ""Michael Kors Аманда1 Black"",10130,https://xn--b1amp7bwb.com.ua/p637751942-stilnaya-zhenskayapovsednevnaya-sumka.html,,шт.,0,,2018-10-27 00:00:00,2018-12-30 21:45:38,,1,16822"
"3012529,Браслет ""Гвоздь Black"",10131,https://xn--b1amp7bwb.com.ua/p636415696-braslet-gvozd-black.html,,шт.,0,,2018-10-27 00:00:00,2018-12-30 21:45:17,,1,17443"
"3012530,Браслет ""Ключ Black"",10132,https://xn--b1amp7bwb.com.ua/p636415669-braslet-klyuch-black.html,,шт.,1,,2018-10-27 00:00:00,2018-12-30 21:45:17,,1,17455"
"3012531,Браслет ""Гвоздь Silver"",10133,https://xn--b1amp7bwb.com.ua/p636415617-braslet-gvozd-silver.html,,шт.,0,,2018-10-27 00:00:00,2018-12-30 21:45:17,,1,17451"
"3012532,Браслет ""Гвоздь Gold"",10134,https://xn--b1amp7bwb.com.ua/p636415578-braslet-gvozd-gold.html,,шт.,0,,2018-10-27 00:00:00,2018-12-30 21:45:17,,1,17447"
"3012533,Женская повседневная сумка ""Марианна Light Gray"",10135,https://xn--b1amp7bwb.com.ua/p636408176-zhenskaya-povsednevnaya-sumka.html,,шт.,1,,2018-10-27 00:00:00,2018-12-30 21:45:37,,1,17279"
"3012534,Женский повседневный рюкзак ""Кроха Light Gray"",10136,https://xn--b1amp7bwb.com.ua/p636402939-zhenskij-povsednevnyj-ryukzak.html,,шт.,1,,2018-10-27 00:00:00,2018-12-30 21:43:45,,1,18277"
"3012535,Шикарный набор колец ""Античная Греция"",10137,https://xn--b1amp7bwb.com.ua/p636401111-shikarnyj-nabor-kolets.html,,шт.,1,,2018-10-27 00:00:00,2018-12-30 21:39:59,,1,18359"
"3012536,Шикарный набор колец ""Афродита"",10138,https://xn--b1amp7bwb.com.ua/p636401003-shikarnyj-nabor-kolets.html,,шт.,1,,2018-10-27 00:00:00,2018-12-30 21:48:21,,1,14512"
"3012537,Женский кожаный рюкзак-сумка (трансформер) ""Галилео Silver"",10139,https://xn--b1amp7bwb.com.ua/p636314250-zhenskij-kozhanyj-ryukzak.html,,шт.,0,,2018-10-27 00:00:00,2018-10-27 00:00:00,,1,"
"3012538,Женский кожаный рюкзак-сумка (трансформер) ""Галилео Black"",10141,https://xn--b1amp7bwb.com.ua/p636314159-zhenskij-kozhanyj-ryukzak.html,,шт.,0,,2018-10-27 00:00:00,2018-10-27 00:00:00,,1,"
"3012539,""Женский повседневный рюкзак, цвет серебро""""Рандеву"""""",10142,https://xn--b1amp7bwb.com.ua/p636302925-zhenskij-povsednevnyj-ryukzak.html,,шт.,1,,2018-10-27 00:00:00,2018-12-30 21:48:05,,1,15312"
"3012540,Женская повседневная сумка на плечо для формата А4 ""Каролина"",10143,https://xn--b1amp7bwb.com.ua/p636293181-zhenskaya-povsednevnaya-sumka.html,,шт.,1,,2018-10-27 00:00:00,2018-12-30 21:45:37,,1,17227"
"3012541,Веселый рюкзак с ушками ""Микки Beige"",10145,https://xn--b1amp7bwb.com.ua/p632946301-veselyj-ryukzak-ushkami.html,1-брак (расходится молния ),шт.,0,,2018-10-27 00:00:00,2018-12-30 21:48:22,,1,14422"
"3012542,Веселый рюкзак с ушками ""Микки Gray"",10146,https://xn--b1amp7bwb.com.ua/p632944113-veselyj-ryukzak-ushkami.html,,шт.,0,,2018-10-27 00:00:00,2018-12-30 21:43:45,,1,18279"
"3012543,Рюкзачок с паетками ""Бантик Purple"",10149,https://xn--b1amp7bwb.com.ua/p631082138-ryukzachok-paetkami-bantik.html,,шт.,0,,2018-10-27 00:00:00,2018-10-27 00:00:00,,1,"
"3012544,Женская кожаная сумка ""София Silver"",10150,https://xn--b1amp7bwb.com.ua/p631068003-zhenskaya-kozhanaya-sumka.html,,шт.,1,,2018-10-27 00:00:00,2018-12-30 21:45:39,,1,16814"
"3012545,Женский кожаный рюкзак ""Милла Dark Gray"",10151,https://xn--b1amp7bwb.com.ua/p631043583-zhenskij-kozhanyj-ryukzak.html,,шт.,1,,2018-10-27 00:00:00,2018-12-30 21:39:57,,1,19252"
"3012546,Женская кожаная сумка ""Пуговка 3 Red Wine"",10152,https://xn--b1amp7bwb.com.ua/p630310927-zhenskaya-kozhanaya-sumka.html,,шт.,1,,2018-10-27 00:00:00,2018-12-30 21:45:39,,1,16726"
"3012547,Женская кожаная сумка ""Синди 3 Red"",10154,https://xn--b1amp7bwb.com.ua/p630306470-zhenskaya-kozhanaya-sumka.html,,шт.,1,,2018-10-27 00:00:00,2018-12-30 21:45:39,,1,16761"
"3012548,""Женская повседневная сумка """"Michael Kors, Эрика Black"""""",10157,https://xn--b1amp7bwb.com.ua/p628900573-zhenskaya-povsednevnaya-sumka.html,""1 с золотой фурнитурой, 3 фурнитура серебро "",шт.,1,,2018-10-27 00:00:00,2018-12-30 21:45:38,,1,16892"
"3012549,Женский кожаный рюкзак-сумка (трансформер) ""Милла Black"",10161,https://xn--b1amp7bwb.com.ua/p628883691-zhenskij-kozhanyj-ryukzak.html,,шт.,1,,2018-10-27 00:00:00,2018-12-30 21:48:20,,1,14950"
"3012550,Женский кожаный рюкзак-сумка (трансформер) ""Милла Silver"",10162,https://xn--b1amp7bwb.com.ua/p628883094-zhenskij-kozhanyj-ryukzak.html,,шт.,1,,2018-10-27 00:00:00,2018-12-30 21:48:05,,1,15000"
"3012551,Женский кожаный рюкзак-сумка (трансформер) ""Милла Bronze"",10163,https://xn--b1amp7bwb.com.ua/p628882585-zhenskij-kozhanyj-ryukzak.html,,шт.,1,,2018-10-27 00:00:00,2018-12-30 21:48:20,,1,14967"
"3012552,Тибетский браслет из бусин ""Дзогчен яшма"",10164,https://xn--b1amp7bwb.com.ua/p627016656-tibetskij-braslet-busin.html,,шт.,1,,2018-10-27 00:00:00,2018-12-30 21:44:52,,1,17827"
"3012553,Женский клатч ""Алигатор Black"",10165,https://xn--b1amp7bwb.com.ua/p626530424-zhenskij-klatch-aligator.html,,шт.,1,,2018-10-27 00:00:00,2018-12-30 21:48:05,,1,15426"
"3012554,Женский повседневный рюкзак ""Люсия Black"",10166,https://xn--b1amp7bwb.com.ua/p625360805-zhenskij-povsednevnyj-ryukzak.html,,шт.,0,,2018-10-27 00:00:00,2018-10-27 00:00:00,,1,"
"3012555,Женский повседневный рюкзак ""Ульяна"",10167,https://xn--b1amp7bwb.com.ua/p625359900-zhenskij-povsednevnyj-ryukzak.html,,шт.,0,,2018-10-27 00:00:00,2018-10-27 00:00:00,,1,"
"3012556,""Женская кожаная сумка """"Синди4, Brown"""""",10168,https://xn--b1amp7bwb.com.ua/p625357153-zhenskaya-kozhanaya-sumka.html,,шт.,1,,2018-10-27 00:00:00,2018-12-30 21:45:39,,1,16778"
"3012557,Женский кожаный рюкзак ""Кристи Red"",10170,https://xn--b1amp7bwb.com.ua/p625352638-zhenskij-kozhanyj-ryukzak.html,,шт.,1,,2018-10-27 00:00:00,2018-12-30 21:48:20,,1,14926"
"3012558,""Женская кожаная сумка """"Синди 2а, Brown"""""",10171,https://xn--b1amp7bwb.com.ua/p625349654-zhenskaya-kozhanaya-sumka.html,,шт.,1,,2018-10-27 00:00:00,2018-12-30 21:44:32,,1,18144"
"3012559,""Женская сумочка """"Алба"""", лакированная кожа"",10173,https://xn--b1amp7bwb.com.ua/p620788685-zhenskaya-sumochka-alba.html,,шт.,0,,2018-10-27 00:00:00,2018-10-27 00:00:00,,1,"
"3012560,Женская кожаная сумка ""Анэстейша Brown"",10176,https://xn--b1amp7bwb.com.ua/p619542217-zhenskaya-kozhanaya-sumka.html,,шт.,1,,2018-10-27 00:00:00,2018-12-30 21:45:39,,1,16565"
"3012561,Женская кожаная сумка ""Асия Brown"",10178,https://xn--b1amp7bwb.com.ua/p619037614-zhenskaya-kozhanaya-sumka.html,,шт.,1,,2018-10-27 00:00:00,2018-12-30 21:45:39,,1,16580"
"3012562,""Женская кожаная сумка """"Синди2a, Green"""""",10179,https://xn--b1amp7bwb.com.ua/p619034032-zhenskaya-kozhanaya-sumka.html,,шт.,1,,2018-10-27 00:00:00,2018-12-30 21:44:52,,1,18087"
"3012563,Женская повседневная сумка ""Лаура Bronze"",10181,https://xn--b1amp7bwb.com.ua/p618956958-zhenskaya-povsednevnaya-sumka.html,,шт.,0,,2018-10-27 00:00:00,2018-12-30 21:44:33,,1,18172"
"3012564,Женская повседневная сумка ""Лаура Silver"",10182,https://xn--b1amp7bwb.com.ua/p618955617-zhenskaya-povsednevnaya-sumka.html,,шт.,0,,2018-10-27 00:00:00,2018-12-30 21:45:37,,1,17250"
"3012565,Часы ""Лайт Black"",10183,https://xn--b1amp7bwb.com.ua/p618918297-chasy-lajt-black.html,,шт.,1,,2018-10-27 00:00:00,2018-12-30 21:48:20,,1,14772"
"3012566,Веселый рюкзак с ушками ""Микки Black"",10184,https://xn--b1amp7bwb.com.ua/p618906442-veselyj-ryukzak-ushkami.html,,шт.,1,,2018-10-27 00:00:00,2018-12-30 21:48:22,,1,14428"
"3012567,Веселый рюкзак с ушками ""Микки Lilac"",10185,https://xn--b1amp7bwb.com.ua/p618906086-veselyj-ryukzak-ushkami.html,,шт.,1,,2018-10-27 00:00:00,2018-12-30 21:48:22,,1,14435"
"3012568,Веселый рюкзак с ушками ""Микки Pink"",10186,https://xn--b1amp7bwb.com.ua/p618905652-veselyj-ryukzak-ushkami.html,,шт.,0,,2018-10-27 00:00:00,2018-12-30 21:48:22,,1,14441"
"3012569,Рюкзак с ушками ""Бабочка Light pink"",10187,https://xn--b1amp7bwb.com.ua/p618904837-ryukzak-ushkami-babochka.html,,шт.,0,,2018-10-27 00:00:00,2018-12-30 21:43:45,,1,18267"
"3012570,""Большой рюкзак для ноутбука, спорта, городской, повседневный """"Версаль Black"""""",10188,https://xn--b1amp7bwb.com.ua/p618901151-bolshoj-ryukzak-dlya.html,,шт.,1,,2018-10-27 00:00:00,2018-12-30 21:44:32,,1,18122"
"3012571,""Большой рюкзак для ноутбука, спорта, путешествий, городской """"Версаль Black"""""",10189,https://xn--b1amp7bwb.com.ua/p618883637-bolshoj-ryukzak-dlya.html,,шт.,1,,2018-10-27 00:00:00,2018-12-30 21:44:32,,1,18126"
"3012572,Женская повседневная сумка ""Изольда Dark green"",10190,https://xn--b1amp7bwb.com.ua/p618875326-zhenskaya-povsednevnaya-sumka.html,,шт.,0,,2018-10-27 00:00:00,2018-10-27 00:00:00,,1,"
"3012573,""Женская повседневная сумка """"Michael Kors, Эрика Red Wine"""""",10193,https://xn--b1amp7bwb.com.ua/p618840102-zhenskaya-povsednevnaya-sumka.html,"""
",шт.,1,,2018-10-27 00:00:00,2018-12-30 21:45:38,,1,16901
3012574,Большой рюкзак для ноутбука, спорта, путешествий, городской """"Касио"""""",10195,https://xn--b1amp7bwb.com.ua/p618502662-bolshoj-ryukzak-dlya.html,,шт.,1,,2018-10-27 00:00:00,2018-12-30 21:44:32,,1,18129"
"3012575,Мужской рюкзак ""Таун"",10196,https://xn--b1amp7bwb.com.ua/p618502626-muzhskoj-ryukzak-taun.html,,шт.,0,,2018-10-27 00:00:00,2018-10-27 00:00:00,,1,"
"3012576,Мужской рюкзак ""Хаус"",10197,https://xn--b1amp7bwb.com.ua/p618502615-muzhskoj-ryukzak-haus.html,,шт.,0,,2018-10-27 00:00:00,2018-10-27 00:00:00,,1,"
"3012577,""Мужской рюкзак для ноутбука, спорта, путешествий, городской """"Лаки"""""",10200,https://xn--b1amp7bwb.com.ua/p618502601-muzhskoj-ryukzak-dlya.html,,шт.,1,,2018-10-27 00:00:00,2018-12-30 21:43:45,,1,18314"
"3012578,Мужской рюкзак ""Креон"",10201,https://xn--b1amp7bwb.com.ua/p618502578-muzhskoj-ryukzak-kreon.html,,шт.,0,,2018-10-27 00:00:00,2018-10-27 00:00:00,,1,"
"3012579,Женский повседневный рюкзак ""Ксена Light Pink"",10203,https://xn--b1amp7bwb.com.ua/p618498893-zhenskij-povsednevnyj-ryukzak.html,,шт.,1,,2018-10-27 00:00:00,2018-12-30 21:48:05,,1,15244"
"3012580,Женский повседневный рюкзак ""Спорт Peachy"",10204,https://xn--b1amp7bwb.com.ua/p618498425-zhenskij-povsednevnyj-ryukzak.html,,шт.,1,,2018-10-27 00:00:00,2018-12-30 21:48:05,,1,15346"
"3012581,Женский повседневный рюкзак ""Спорт Silver"",10205,https://xn--b1amp7bwb.com.ua/p618498397-zhenskij-povsednevnyj-ryukzak.html,,шт.,1,,2018-10-27 00:00:00,2018-12-30 21:48:05,,1,15354"
"3012582,Женский повседневный рюкзак ""Тина White"",10206,https://xn--b1amp7bwb.com.ua/p617814947-zhenskij-povsednevnyj-ryukzak.html,,шт.,0,,2018-10-27 00:00:00,2018-10-27 00:00:00,,1,"
"3012583,Женский повседневный рюкзак ""Сандра Lilac"",10208,https://xn--b1amp7bwb.com.ua/p617813932-zhenskij-povsednevnyj-ryukzak.html,,шт.,0,,2018-10-27 00:00:00,2018-10-27 00:00:00,,1,"
"3012584,Женский браслет ""Гитара"",10212,https://xn--b1amp7bwb.com.ua/p617727308-zhenskij-braslet-gitara.html,,шт.,1,,2018-10-27 00:00:00,2018-12-30 21:45:17,,1,17534"
"3012585,Женский браслет ""Ассиметрия"",10215,https://xn--b1amp7bwb.com.ua/p617727271-zhenskij-braslet-assimetriya.html,""7-черных; 3-коричневых"
",шт.,1,,2018-10-27 00:00:00,2018-12-30 21:44:32,,1,18191
3012586,Женский браслет Together Dark Brown"",10216,https://xn--b1amp7bwb.com.ua/p617727212-zhenskij-braslet-together.html,,шт.,1,,2018-10-27 00:00:00,2018-12-30 21:44:32,,1,18190"
"3012587,Женский браслет ""Together Black"",10217,https://xn--b1amp7bwb.com.ua/p617727210-zhenskij-braslet-together.html,,шт.,1,,2018-10-27 00:00:00,2018-12-30 21:44:32,,1,18189"
"3012588,Женский браслет ""Best friends"",10218,https://xn--b1amp7bwb.com.ua/p617727204-zhenskij-braslet-best.html,""5-коричневый; 1-коричневый с черной ниткой"
",шт.,1,,2018-10-27 00:00:00,2018-12-30 21:44:32,,1,18188
3012589,Женский браслет Шамбала Brown"",10219,https://xn--b1amp7bwb.com.ua/p617727041-zhenskij-braslet-shambala.html,,шт.,1,,2018-10-27 00:00:00,2018-12-30 21:45:16,,1,17640"
"3012590,Женский браслет ""Шамбала Black"",10220,https://xn--b1amp7bwb.com.ua/p617727038-zhenskij-braslet-shambala.html,,шт.,1,,2018-10-27 00:00:00,2018-12-30 21:45:16,,1,17632"
"3012591,Женский браслет ""Череп"",10221,https://xn--b1amp7bwb.com.ua/p617727037-zhenskij-braslet-cherep.html,,шт.,1,,2018-10-27 00:00:00,2018-12-30 21:45:16,,1,17624"
"3012592,Женский браслет ""Стуна Black"",10222,https://xn--b1amp7bwb.com.ua/p617726919-zhenskij-braslet-stuna.html,,шт.,1,,2018-10-27 00:00:00,2018-12-30 21:45:16,,1,17608"
"3012593,Женский браслет ""Стуна Dark Brown"",10223,https://xn--b1amp7bwb.com.ua/p617726917-zhenskij-braslet-stuna.html,,шт.,1,,2018-10-27 00:00:00,2018-12-30 21:45:16,,1,17616"
"3012594,Женский браслет ""Сетка"",10224,https://xn--b1amp7bwb.com.ua/p617726911-zhenskij-braslet-setka.html,,шт.,0,,2018-10-27 00:00:00,2018-10-27 00:00:00,,1,"
"3012595,Женский браслет ""Озон Black"",10228,https://xn--b1amp7bwb.com.ua/p617726410-zhenskij-braslet-ozon.html,,шт.,1,,2018-10-27 00:00:00,2018-12-30 21:45:17,,1,17584"
"3012596,Женский браслет ""Озон Dark Brown"",10229,https://xn--b1amp7bwb.com.ua/p617726406-zhenskij-braslet-ozon.html,,шт.,1,,2018-10-27 00:00:00,2018-12-30 21:45:17,,1,17594"
"3012597,Женский браслет ""Молитва"",10230,https://xn--b1amp7bwb.com.ua/p617726100-zhenskij-braslet-molitva.html,""1-черных, 4-коричневых"
",шт.,1,,2018-10-27 00:00:00,2018-12-30 21:44:33,,1,18200
3012598,Женский браслет Мелодия"",10231,https://xn--b1amp7bwb.com.ua/p617725856-zhenskij-braslet-melodiya.html,,шт.,1,,2018-10-27 00:00:00,2018-10-27 00:00:00,,1,"
"3012599,Женский браслет ""Крест"",10232,https://xn--b1amp7bwb.com.ua/p617725684-zhenskij-braslet-krest.html,""4-коричневый, 4-черный"
",шт.,1,,2018-10-27 00:00:00,2018-12-30 21:44:32,,1,18199
3012600,Женский браслет Коса "",10233,https://xn--b1amp7bwb.com.ua/p617725580-zhenskij-braslet-kosa.html,,шт.,0,,2018-10-27 00:00:00,2018-10-27 00:00:00,,1,"
"3012601,Женский браслет ""Калейдоскоп"",10234,https://xn--b1amp7bwb.com.ua/p617725501-zhenskij-braslet-kalejdoskop.html,,шт.,1,,2018-10-27 00:00:00,2018-12-30 21:45:17,,1,17562"
"3012602,Женский браслет ""Инь Янь"",10235,https://xn--b1amp7bwb.com.ua/p617725493-zhenskij-braslet-yan.html,""2 черный,  9 коричневый"
",шт.,1,,2018-10-27 00:00:00,2018-12-30 21:44:32,,1,18198
3012603,Женский браслет Зодиак "",10236,https://xn--b1amp7bwb.com.ua/p617725062-zhenskij-braslet-zodiak.html,""овен1, телец 1, близнецы1, рак 1, дева 1, стрелец2, водолей2, скорпион 1, лев нет, весы 2, рыбы 2, козерог  - нет"
",шт.,1,,2018-10-27 00:00:00,2018-12-30 21:45:17,,1,17546
3012604,Женский браслет """"Будда, лава"""""",10237,https://xn--b1amp7bwb.com.ua/p617724152-zhenskij-braslet-budda.html,,шт.,1,,2018-10-27 00:00:00,2018-12-30 21:44:52,,1,17798"
"3012605,Женский браслет ""Нежность Light Pink"",10238,https://xn--b1amp7bwb.com.ua/p617719505-zhenskij-braslet-nezhnost.html,брак,шт.,0,,2018-10-27 00:00:00,2018-12-30 21:44:32,,1,18201"
"3012606,Женский браслет ""Набор многослойный Burgundy"",10239,https://xn--b1amp7bwb.com.ua/p617718085-zhenskij-braslet-nabor.html,,шт.,0,,2018-10-27 00:00:00,2018-10-27 00:00:00,,1,"
"3012607,""Женский браслет """"Будда, тигровый коричневый"""""",10241,https://xn--b1amp7bwb.com.ua/p617716023-zhenskij-braslet-budda.html,,шт.,1,,2018-10-27 00:00:00,2018-12-30 21:44:32,,1,18195"
"3012608,""Женский браслет """"Будда, говлит бирюзовый"""""",10242,https://xn--b1amp7bwb.com.ua/p617715904-zhenskij-braslet-budda.html,,шт.,0,,2018-10-27 00:00:00,2018-12-30 21:44:32,,1,18194"
"3012609,""Женский браслет """"Будда, говлит белый"""""",10243,https://xn--b1amp7bwb.com.ua/p617715861-zhenskij-braslet-budda.html,,шт.,1,,2018-10-27 00:00:00,2018-12-30 21:44:32,,1,18193"
"3012610,""Женский браслет """"Будда, авантюрин бордовый"""""",10244,https://xn--b1amp7bwb.com.ua/p617715785-zhenskij-braslet-budda.html,,шт.,1,,2018-10-27 00:00:00,2018-12-30 21:44:32,,1,18192"
"3012611,""Винтажные часы, унисекс """"Ретро Silver"""""",10245,https://xn--b1amp7bwb.com.ua/p617645077-vintazhnye-chasy-uniseks.html,,шт.,1,,2018-10-27 00:00:00,2018-12-30 21:48:20,,1,14789"
"3012612,Часы ""Лайт Pink"",10247,https://xn--b1amp7bwb.com.ua/p617643372-chasy-lajt-pink.html,,шт.,1,,2018-10-27 00:00:00,2018-12-30 21:39:59,,1,18355"
"3012613,Часы ""Лайт Blue"",10248,https://xn--b1amp7bwb.com.ua/p617642554-chasy-lajt-blue.html,,шт.,1,,2018-10-27 00:00:00,2018-12-30 21:48:20,,1,14774"
"3012614,Часы ""Геометрия Black-White"",10249,https://xn--b1amp7bwb.com.ua/p617640806-chasy-geometriya-black.html,,шт.,1,,2018-10-27 00:00:00,2018-12-30 21:48:21,,1,14757"
"3012615,Часы ""Геометрия Black"",10250,https://xn--b1amp7bwb.com.ua/p617640210-chasy-geometriya-black.html,,шт.,1,,2018-10-27 00:00:00,2018-12-30 21:48:21,,1,14747"
"3012616,Часы ""Генезис Brown-White"",10251,https://xn--b1amp7bwb.com.ua/p617637729-chasy-genezis-brown.html,,шт.,1,,2018-10-27 00:00:00,2018-12-30 21:48:21,,1,14743"
"3012617,Часы ""Генезис Black-White"",10252,https://xn--b1amp7bwb.com.ua/p617636997-chasy-genezis-black.html,,шт.,1,,2018-10-27 00:00:00,2018-12-30 21:48:21,,1,14739"
"3012618,Часы ""Генезис Brown"",10253,https://xn--b1amp7bwb.com.ua/p617634810-chasy-genezis-brown.html,,шт.,1,,2018-10-27 00:00:00,2018-12-30 21:48:21,,1,14733"
"3012619,Колье ""Цепь Dark Gray"",10254,https://xn--b1amp7bwb.com.ua/p617596546-kole-tsep-dark.html,""1 без цепочки регулятор"
",шт.,1,,2018-10-27 00:00:00,2018-12-30 21:43:45,,1,18291
3012620,Колье Хищница Silver"",10256,https://xn--b1amp7bwb.com.ua/p617592261-kole-hischnitsa-silver.html,,шт.,0,,2018-10-27 00:00:00,2018-10-27 00:00:00,,1,"
"3012621,Колье ""Природа Antique Bronze"",10257,https://xn--b1amp7bwb.com.ua/p617591411-kole-priroda-antique.html,,шт.,1,,2018-10-27 00:00:00,2018-12-30 21:43:45,,1,18290"
"3012622,Колье ""Обод Silver"",10258,https://xn--b1amp7bwb.com.ua/p617589845-kole-obod-silver.html,,шт.,1,,2018-10-27 00:00:00,2018-12-30 21:48:21,,1,14492"
"3012623,Колье ""Бахрома Silver"",10259,https://xn--b1amp7bwb.com.ua/p617589326-kole-bahroma-silver.html,,шт.,0,,2018-10-27 00:00:00,2018-12-30 21:48:21,,1,14478"
"3012624,Женский повседневный рюкзак ""Ника Black"",10260,https://xn--b1amp7bwb.com.ua/p617420699-zhenskij-povsednevnyj-ryukzak.html,,шт.,1,,2018-10-27 00:00:00,2018-12-30 21:48:05,,1,15265"
"3012625,Женский повседневный рюкзак ""Ника Pink"",10262,https://xn--b1amp7bwb.com.ua/p617419636-zhenskij-povsednevnyj-ryukzak.html,,шт.,1,,2018-10-27 00:00:00,2018-12-30 21:48:05,,1,15283"
"3012626,Женский повседневный рюкзак ""Ника Green"",10263,https://xn--b1amp7bwb.com.ua/p617419424-zhenskij-povsednevnyj-ryukzak.html,,шт.,1,,2018-10-27 00:00:00,2018-12-30 21:48:05,,1,15270"
"3012627,Женский повседневный рюкзак ""Молодежь Black"",10264,https://xn--b1amp7bwb.com.ua/p617418724-zhenskij-povsednevnyj-ryukzak.html,,шт.,0,,2018-10-27 00:00:00,2018-12-30 21:48:05,,1,15259"
"3012628,Женский повседневный рюкзак ""Диско 2 Bright pink"",10265,https://xn--b1amp7bwb.com.ua/p617280346-zhenskij-povsednevnyj-ryukzak.html,,шт.,1,,2018-10-27 00:00:00,2018-12-30 21:48:05,,1,15201"
"3012629,Женский повседневный рюкзак ""Диско 2 Pink"",10266,https://xn--b1amp7bwb.com.ua/p617279213-zhenskij-povsednevnyj-ryukzak.html,,шт.,1,,2018-10-27 00:00:00,2018-12-30 21:43:46,,1,18270"
"3012630,Тибетский браслет из бусин ""Многослойный Burgundy"",10267,https://xn--b1amp7bwb.com.ua/p617279212-tibetskij-braslet-busin.html,""1-хвост, 6-без хвоста"
",шт.,1,,2018-10-27 00:00:00,2018-12-30 21:43:44,,1,18345
3012631,Тибетский браслет из бусин Многослойный Olive"",10268,https://xn--b1amp7bwb.com.ua/p617278647-tibetskij-braslet-busin.html,1хвост,шт.,1,,2018-10-27 00:00:00,2018-12-30 21:44:52,,1,17861"
"3012632,Женский повседневный рюкзак ""Диско 2 Gold"",10269,https://xn--b1amp7bwb.com.ua/p617278646-zhenskij-povsednevnyj-ryukzak.html,,шт.,1,,2018-10-27 00:00:00,2018-12-30 21:43:46,,1,18269"
"3012633,Тибетский браслет из бусин ""Многослойный Ginger"",10270,https://xn--b1amp7bwb.com.ua/p617278375-tibetskij-braslet-busin.html,""1-безхвоста; 2-хвост"
",шт.,1,,2018-10-27 00:00:00,2018-12-30 21:44:52,,1,17856
3012634,Женский повседневный рюкзак Диско 2 Purple"",10271,https://xn--b1amp7bwb.com.ua/p617278362-zhenskij-povsednevnyj-ryukzak.html,,шт.,1,,2018-10-27 00:00:00,2018-12-30 21:48:05,,1,15206"
"3012635,Тибетский браслет из бусин ""Многослойный Black"",10272,https://xn--b1amp7bwb.com.ua/p617277844-tibetskij-braslet-busin.html,"" 4- с хвостом"
",шт.,1,,2018-10-27 00:00:00,2018-12-30 21:44:52,,1,17853
3012636,Тибетский браслет из бусин Лев лава с кольцами"",10273,https://xn--b1amp7bwb.com.ua/p617274385-tibetskij-braslet-busin.html,""  золото"
",шт.,1,,2018-10-27 00:00:00,2018-12-30 21:43:44,,1,18340
3012637,Женский повседневный рюкзак Диско Black"",10274,https://xn--b1amp7bwb.com.ua/p617274104-zhenskij-povsednevnyj-ryukzak.html,,шт.,1,,2018-10-27 00:00:00,2018-12-30 21:43:45,,1,18271"
"3012638,Женский повседневный рюкзак ""Диско Bright Pink"",10275,https://xn--b1amp7bwb.com.ua/p617273827-zhenskij-povsednevnyj-ryukzak.html,,шт.,1,,2018-10-27 00:00:00,2018-12-30 21:43:45,,1,18273"
"3012639,Тибетский браслет из бусин ""Лев с камнями Matte Black"",10276,https://xn--b1amp7bwb.com.ua/p617272802-tibetskij-braslet-busin.html,""3-серебро; 4-золото"
",шт.,1,,2018-10-27 00:00:00,2018-12-30 21:43:44,,1,18343
3012640,Женский повседневный рюкзак Анюта Brown"",10278,https://xn--b1amp7bwb.com.ua/p617271087-zhenskij-povsednevnyj-ryukzak.html,,шт.,0,,2018-10-27 00:00:00,2018-10-27 00:00:00,,1,"
"3012641,Тибетский браслет из бусин ""Дзогчен тигровый глаз"",10279,https://xn--b1amp7bwb.com.ua/p617271080-tibetskij-braslet-busin.html,,шт.,1,,2018-10-27 00:00:00,2018-12-30 21:44:52,,1,17823"
"3012642,Тибетский браслет из бусин ""Дзогчен Burgundy"",10280,https://xn--b1amp7bwb.com.ua/p617270790-tibetskij-braslet-busin.html,,шт.,1,,2018-10-27 00:00:00,2018-12-30 21:43:44,,1,18335"
"3012643,Тибетский браслет из бусин ""Дзогчен White"",10281,https://xn--b1amp7bwb.com.ua/p617270405-tibetskij-braslet-busin.html,,шт.,1,,2018-10-27 00:00:00,2018-12-30 21:43:44,,1,18336"
"3012644,Тибетский браслет из бусин ""Дзогчен агат"",10282,https://xn--b1amp7bwb.com.ua/p617270271-tibetskij-braslet-busin.html,,шт.,1,,2018-10-27 00:00:00,2018-12-30 21:44:52,,1,17821"
"3012645,Тибетский браслет из бусин ""Дзогчен шунгит"",10283,https://xn--b1amp7bwb.com.ua/p617269865-tibetskij-braslet-busin.html,,шт.,1,,2018-10-27 00:00:00,2018-12-30 21:44:52,,1,17825"
"3012646,Тибетский браслет из бусин ""Дзогчен вулканическая лава"",10284,https://xn--b1amp7bwb.com.ua/p617269211-tibetskij-braslet-busin.html,,шт.,1,,2018-10-27 00:00:00,2018-12-30 21:43:44,,1,18337"
"3012647,Женский повседневный рюкзак ""Геометрия 2 Black"",10287,https://xn--b1amp7bwb.com.ua/p617256491-zhenskij-povsednevnyj-ryukzak.html,,шт.,0,,2018-10-27 00:00:00,2018-12-30 21:39:57,,1,20471"
"3012648,Женский кожаный рюкзак ""Салли Black"",10290,https://xn--b1amp7bwb.com.ua/p617236936-zhenskij-kozhanyj-ryukzak.html,,шт.,1,,2018-10-27 00:00:00,2018-12-30 21:48:05,,1,15017"
"3012649,Женский кожаный рюкзак ""Салли Silver"",10291,https://xn--b1amp7bwb.com.ua/p617236296-zhenskij-kozhanyj-ryukzak.html,,шт.,1,,2018-10-27 00:00:00,2018-12-30 21:48:06,,1,15046"
"3012650,Женский кожаный рюкзак ""Салли Green"",10292,https://xn--b1amp7bwb.com.ua/p617234993-zhenskij-kozhanyj-ryukzak.html,,шт.,1,,2018-10-27 00:00:00,2018-12-30 21:43:46,,1,18256"
"3012651,Женский кожаный рюкзак ""Салли Blue"",10293,https://xn--b1amp7bwb.com.ua/p617233524-zhenskij-kozhanyj-ryukzak.html,,шт.,1,,2018-10-27 00:00:00,2018-12-30 21:48:06,,1,15025"
"3012652,Женский кожаный рюкзак-сумка (трансформер) ""Милла Light Gray"",10294,https://xn--b1amp7bwb.com.ua/p617221782-zhenskij-kozhanyj-ryukzak.html,,шт.,1,,2018-10-27 00:00:00,2018-10-27 00:00:00,,1,"
"3012653,Набор браслетов ""Хамса Brown"",10295,https://xn--b1amp7bwb.com.ua/p617184255-nabor-brasletov-hamsa.html,,шт.,1,,2018-10-27 00:00:00,2018-12-30 21:45:15,,1,17761"
"3012654,Набор браслетов ""Сириус Brown"",10296,https://xn--b1amp7bwb.com.ua/p617182350-nabor-brasletov-sirius.html,""1- с коричневой косичкой, 2 - с черной"
",шт.,1,,2018-10-27 00:00:00,2018-12-30 21:45:15,,1,17729
3012655,Набор браслетов Кредо Brown"",10297,https://xn--b1amp7bwb.com.ua/p617180988-nabor-brasletov-kredo.html,,шт.,1,,2018-10-27 00:00:00,2018-12-30 21:45:16,,1,17683"
3012656,Кристи Black,10298,https://xn--b1amp7bwb.com.ua/p616841073-zhenskij-kozhanyj-ryukzak.html,,шт.,1,,2018-10-27 00:00:00,2018-12-30 21:48:20,,1,14917
"3012657,Женский кожаный рюкзак ""Кристи Pink"",10300,https://xn--b1amp7bwb.com.ua/p616836652-zhenskij-kozhanyj-ryukzak.html,,шт.,1,,2018-10-27 00:00:00,2018-12-30 21:43:46,,1,18255"
"3012658,Женский кожаный рюкзак ""Карина Pink"",10301,https://xn--b1amp7bwb.com.ua/p616827056-zhenskij-kozhanyj-ryukzak.html,,шт.,1,,2018-10-27 00:00:00,2018-12-30 21:43:46,,1,18253"
"3012659,Женский кожаный рюкзак-сумка (трансформер) ""Ириша Blue"",10302,https://xn--b1amp7bwb.com.ua/p616825739-zhenskij-kozhanyj-ryukzak.html,,шт.,1,,2018-10-27 00:00:00,2018-10-27 00:00:00,,1,"
"3012660,Женский кожаный рюкзак-сумка(трансформер) ""Анжелика Bronze"",10306,https://xn--b1amp7bwb.com.ua/p616821408-zhenskij-kozhanyj-ryukzak.html,,шт.,1,,2018-10-27 00:00:00,2018-12-30 21:48:22,,1,14804"
"3012661,Мужская кожаная сумка ""Круговорот Black"",10307,https://xn--b1amp7bwb.com.ua/p616688937-muzhskaya-kozhanaya-sumka.html,,шт.,1,,2018-10-27 00:00:00,2018-12-30 21:44:52,,1,18036"
"3012662,Мужская кожаная сумка ""Кент Burgundy"",10308,https://xn--b1amp7bwb.com.ua/p616678661-muzhskaya-kozhanaya-sumka.html,,шт.,1,,2018-10-27 00:00:00,2018-12-30 21:43:45,,1,18294"
"3012663,Мужская кожаная сумка ""Кент Yellow Coffe"",10309,https://xn--b1amp7bwb.com.ua/p616676652-muzhskaya-kozhanaya-sumka.html,,шт.,1,,2018-10-27 00:00:00,2018-12-30 21:44:53,,1,18026"
"3012664,Женская повседневная сумка ""Анэт Brown"",10310,https://xn--b1amp7bwb.com.ua/p616627219-zhenskaya-povsednevnaya-sumka.html,,шт.,1,,2018-10-27 00:00:00,2018-10-27 00:00:00,,1,"
"3012665,Повседневная сумка ""Michael Kors Аманда 1 Pink"",10311,https://xn--b1amp7bwb.com.ua/p616614250-povsednevnaya-sumka-michael.html,,шт.,1,,2018-10-27 00:00:00,2018-12-30 21:43:45,,1,18322"
"3012666,Женская повседневная сумка ""Набор Гравитация Bronze"",10312,https://xn--b1amp7bwb.com.ua/p616612897-zhenskaya-povsednevnaya-sumka.html,,шт.,1,,2018-10-27 00:00:00,2018-12-30 21:45:37,,1,17294"
"3012667,Браслет ""Соединение Black"",10313,https://xn--b1amp7bwb.com.ua/p616609653-braslet-soedinenie-black.html,""2 золото,  2серебро"
",шт.,1,,2018-10-27 00:00:00,2018-12-30 21:45:17,,1,17492
3012668,Браслет Ключ Silver"",10314,https://xn--b1amp7bwb.com.ua/p616608604-braslet-klyuch-silver.html,,шт.,1,,2018-10-27 00:00:00,2018-12-30 21:45:17,,1,17462"
"3012669,Браслет ""Ключ Gold"",10315,https://xn--b1amp7bwb.com.ua/p616608495-braslet-klyuch-gold.html,,шт.,1,,2018-10-27 00:00:00,2018-12-30 21:45:17,,1,17459"
"3012670,Браслет ""Ключ Steel"",10316,https://xn--b1amp7bwb.com.ua/p616608240-braslet-klyuch-steel.html,,шт.,1,,2018-10-27 00:00:00,2018-12-30 21:45:17,,1,17466"
"3012671,Браслет ""Волна2 Black/Gold"",10317,https://xn--b1amp7bwb.com.ua/p616607210-braslet-volna2-blackgold.html,,шт.,1,,2018-10-27 00:00:00,2018-12-30 21:45:18,,1,17428"
"3012672,Браслет с якорем ""Волна2 Red"",10318,https://xn--b1amp7bwb.com.ua/p616586989-braslet-yakorem-volna2.html,,шт.,1,,2018-10-27 00:00:00,2018-12-30 21:45:17,,1,17434"
"3012673,Браслет с якорем ""Море Dark Blue"",10319,https://xn--b1amp7bwb.com.ua/p616585569-braslet-yakorem-more.html,,шт.,1,,2018-10-27 00:00:00,2018-12-30 21:45:17,,1,17482"
"3012674,Браслет с якорем ""Море Brown"",10320,https://xn--b1amp7bwb.com.ua/p616585261-braslet-yakorem-more.html,,шт.,1,,2018-10-27 00:00:00,2018-12-30 21:45:17,,1,17479"
"3012675,Браслет с якорем ""Море Black"",10321,https://xn--b1amp7bwb.com.ua/p616585226-braslet-yakorem-more.html,,шт.,1,,2018-10-27 00:00:00,2018-12-30 21:45:17,,1,17470"
"3012676,Браслет ""Море Black-White"",10322,https://xn--b1amp7bwb.com.ua/p616584914-braslet-more-black.html,,шт.,1,,2018-10-27 00:00:00,2018-12-30 21:45:17,,1,17472"
"3012677,Браслет ""Море White"",10323,https://xn--b1amp7bwb.com.ua/p616584599-braslet-more-white.html,,шт.,1,,2018-10-27 00:00:00,2018-12-30 21:45:17,,1,17486"
"3012678,Браслет с якорем ""Море Blue"",10324,https://xn--b1amp7bwb.com.ua/p616584292-braslet-yakorem-more.html,,шт.,1,,2018-10-27 00:00:00,2018-12-30 21:45:17,,1,17474"
"3012679,Браслет с якорем ""Волна Black"",10325,https://xn--b1amp7bwb.com.ua/p616583341-braslet-yakorem-volna.html,,шт.,1,,2018-10-27 00:00:00,2018-12-30 21:45:17,,1,17436"
"3012680,Браслет с якорем ""Бриз Red"",10327,https://xn--b1amp7bwb.com.ua/p616578760-braslet-yakorem-briz.html,,шт.,1,,2018-10-27 00:00:00,2018-12-30 21:45:18,,1,17422"
"3012681,Браслет с якорем ""Бриз Dark Brown"",10328,https://xn--b1amp7bwb.com.ua/p616578452-braslet-yakorem-briz.html,,шт.,1,,2018-10-27 00:00:00,2018-12-30 21:45:18,,1,17418"
"3012682,Мужской браслет ""Якорь Dark Brown"",10329,https://xn--b1amp7bwb.com.ua/p616572668-muzhskoj-braslet-yakor.html,,шт.,1,,2018-10-27 00:00:00,2018-12-30 21:43:45,,1,18301"
"3012683,Мужской кожаный браслет ""Шамбала Brown"",10330,https://xn--b1amp7bwb.com.ua/p616572188-muzhskoj-kozhanyj-braslet.html,,шт.,1,,2018-10-27 00:00:00,2018-12-30 21:45:16,,1,17644"
"3012684,Мужской кожаный браслет ""Стуна Black"",10331,https://xn--b1amp7bwb.com.ua/p616571592-muzhskoj-kozhanyj-braslet.html,,шт.,1,,2018-10-27 00:00:00,2018-12-30 21:45:16,,1,17612"
"3012685,Мужской кожаный браслет ""Озон Dark Brown"",10333,https://xn--b1amp7bwb.com.ua/p616567192-muzhskoj-kozhanyj-braslet.html,,шт.,1,,2018-10-27 00:00:00,2018-12-30 21:45:16,,1,17597"
"3012686,Мужской кожаный браслет ""Together"",10335,https://xn--b1amp7bwb.com.ua/p616564725-muzhskoj-kozhanyj-braslet.html,,шт.,1,,2018-10-27 00:00:00,2018-12-30 21:45:17,,1,17511"
"3012687,Тибетский браслет из бусин ""Live Steel"",10336,https://xn--b1amp7bwb.com.ua/p616562205-tibetskij-braslet-busin.html,,шт.,1,,2018-10-27 00:00:00,2018-12-30 21:44:52,,1,17778"
"3012688,Тибетский браслет из бусин ""Live Silver"",10337,https://xn--b1amp7bwb.com.ua/p616562178-tibetskij-braslet-busin.html,,шт.,1,,2018-10-27 00:00:00,2018-12-30 21:44:52,,1,17776"
"3012689,Браслет ""Соединение Black-White"",10340,https://xn--b1amp7bwb.com.ua/p614761055-braslet-soedinenie-black.html,,шт.,1,,2018-10-27 00:00:00,2018-12-30 21:45:17,,1,17501"
"3012690,Браслет с якорем ""Волна2 Blue"",10341,https://xn--b1amp7bwb.com.ua/p614761053-braslet-yakorem-volna2.html,,шт.,1,,2018-10-27 00:00:00,2018-12-30 21:45:17,,1,17432"
"3012691,Браслет с якорем ""Волна Blue"",10342,https://xn--b1amp7bwb.com.ua/p614761052-braslet-yakorem-volna.html,,шт.,1,,2018-10-27 00:00:00,2018-12-30 21:45:17,,1,17439"
"3012692,Браслет с якорем ""Море Blue-White-Red"",10343,https://xn--b1amp7bwb.com.ua/p614761051-braslet-yakorem-more.html,,шт.,1,,2018-10-27 00:00:00,2018-12-30 21:45:17,,1,17476"
"3012693,Браслет с якорем ""Бриз Black"",10344,https://xn--b1amp7bwb.com.ua/p614761050-braslet-yakorem-briz.html,,шт.,1,,2018-10-27 00:00:00,2018-12-30 21:45:18,,1,17415"
"3012694,Набор браслетов ""Далидо"",10346,https://xn--b1amp7bwb.com.ua/p614761048-nabor-brasletov-dalido.html,,шт.,1,,2018-10-27 00:00:00,2018-12-30 21:43:45,,1,18317"
"3012695,Набор браслетов ""Экватор"",10348,https://xn--b1amp7bwb.com.ua/p614761046-nabor-brasletov-ekvator.html,""в наборе не хватает 1 браслета-косички (можно сделать скидку)"
",шт.,1,,2018-10-27 00:00:00,2018-12-30 21:43:46,,1,18321
3012696,Набор браслетов Человек"",10349,https://xn--b1amp7bwb.com.ua/p614761045-nabor-brasletov-chelovek.html,""2 золото,  1 серебро"
",шт.,1,,2018-10-27 00:00:00,2018-12-30 21:45:15,,1,17766
3012697,Набор браслетов Хамса2"",10350,https://xn--b1amp7bwb.com.ua/p614761044-nabor-brasletov-hamsa2.html,""3 золото, 3 серебро"
",шт.,1,,2018-10-27 00:00:00,2018-12-30 21:45:15,,1,17754
3012698,Набор браслетов Хамса Blue"",10351,https://xn--b1amp7bwb.com.ua/p614761043-nabor-brasletov-hamsa.html,,шт.,1,,2018-10-27 00:00:00,2018-12-30 21:45:15,,1,17759"
"3012699,Набор браслетов ""Фулл Хаус"",10352,https://xn--b1amp7bwb.com.ua/p614761042-nabor-brasletov-full.html,,шт.,1,,2018-10-27 00:00:00,2018-12-30 21:45:15,,1,17749"
"3012700,Набор браслетов ""Тропикана"",10353,https://xn--b1amp7bwb.com.ua/p614761041-nabor-brasletov-tropikana.html,,шт.,1,,2018-10-27 00:00:00,2018-12-30 21:45:15,,1,17745"
"3012701,Набор браслетов ""Стрит"",10355,https://xn--b1amp7bwb.com.ua/p614761039-nabor-brasletov-strit.html,,шт.,1,,2018-10-27 00:00:00,2018-12-30 21:45:15,,1,17738"
"3012702,Набор браслетов ""Спарта"",10356,https://xn--b1amp7bwb.com.ua/p614761038-nabor-brasletov-sparta.html,,шт.,1,,2018-10-27 00:00:00,2018-12-30 21:45:15,,1,17732"
"3012703,Набор браслетов ""Сириус Black"",10357,https://xn--b1amp7bwb.com.ua/p614761037-nabor-brasletov-sirius.html,,шт.,1,,2018-10-27 00:00:00,2018-12-30 21:45:15,,1,17724"
"3012704,Набор браслетов ""Сила"",10358,https://xn--b1amp7bwb.com.ua/p614761036-nabor-brasletov-sila.html,"" 1 серебро, 2 с черной гантелькой"
",шт.,1,,2018-10-27 00:00:00,2018-12-30 21:45:15,,1,17717
3012705,Набор браслетов Мудрец"",10359,https://xn--b1amp7bwb.com.ua/p614761035-nabor-brasletov-mudrets.html,,шт.,1,,2018-10-27 00:00:00,2018-12-30 21:45:16,,1,17706"
"3012706,Набор браслетов ""Моряк"",10360,https://xn--b1amp7bwb.com.ua/p614761034-nabor-brasletov-moryak.html,,шт.,1,,2018-10-27 00:00:00,2018-12-30 21:45:16,,1,17702"
"3012707,Набор браслетов ""Меридиан"",10361,https://xn--b1amp7bwb.com.ua/p614761033-nabor-brasletov-meridian.html,""1 коричневый, 1 черный с коричневым"
",шт.,1,,2018-10-27 00:00:00,2018-12-30 21:45:16,,1,17697
3012708,Набор браслетов Леопард"",10362,https://xn--b1amp7bwb.com.ua/p614761032-nabor-brasletov-leopard.html,,шт.,1,,2018-10-27 00:00:00,2018-12-30 21:45:16,,1,17692"
"3012709,Набор браслетов ""Лев"",10363,https://xn--b1amp7bwb.com.ua/p614761031-nabor-brasletov-lev.html,""3 серебро, 2 золото"
",шт.,1,,2018-10-27 00:00:00,2018-12-30 21:45:16,,1,17686
3012710,Набор браслетов Кредо Black"",10364,https://xn--b1amp7bwb.com.ua/p614761029-nabor-brasletov-kredo.html,,шт.,1,,2018-10-27 00:00:00,2018-12-30 21:45:16,,1,17680"
"3012711,Набор браслетов ""Континент"",10365,https://xn--b1amp7bwb.com.ua/p614761028-nabor-brasletov-kontinent.html,,шт.,1,,2018-10-27 00:00:00,2018-12-30 21:45:16,,1,17677"
"3012712,Набор браслетов ""Каре"",10366,https://xn--b1amp7bwb.com.ua/p614761027-nabor-brasletov-kare.html,,шт.,1,,2018-10-27 00:00:00,2018-12-30 21:45:16,,1,17673"
"3012713,Набор браслетов ""Капитан"",10367,https://xn--b1amp7bwb.com.ua/p614761026-nabor-brasletov-kapitan.html,,шт.,1,,2018-10-27 00:00:00,2018-12-30 21:45:16,,1,17669"
"3012714,Набор браслетов ""Йогин"",10368,https://xn--b1amp7bwb.com.ua/p614761025-nabor-brasletov-jogin.html,,шт.,1,,2018-10-27 00:00:00,2018-12-30 21:43:45,,1,18319"
"3012715,Набор браслетов ""Дхарма"",10369,https://xn--b1amp7bwb.com.ua/p614761024-nabor-brasletov-dharma.html,,шт.,1,,2018-10-27 00:00:00,2018-12-30 21:45:16,,1,17666"
"3012716,Набор браслетов ""Дордже"",10370,https://xn--b1amp7bwb.com.ua/p614761023-nabor-brasletov-dordzhe.html,,шт.,1,,2018-10-27 00:00:00,2018-12-30 21:45:16,,1,17663"
"3012717,Набор браслетов ""Доминикана"",10371,https://xn--b1amp7bwb.com.ua/p614761022-nabor-brasletov-dominikana.html,,шт.,1,,2018-10-27 00:00:00,2018-12-30 21:43:45,,1,18318"
"3012718,Набор браслетов ""Аккорд"",10372,https://xn--b1amp7bwb.com.ua/p614761021-nabor-brasletov-akkord.html,без браслета гитара,шт.,1,,2018-10-27 00:00:00,2018-12-30 21:43:45,,1,18315"
"3012719,Набор браслетов ""Гаити"",10373,https://xn--b1amp7bwb.com.ua/p614761020-nabor-brasletov-gaiti.html,,шт.,1,,2018-10-27 00:00:00,2018-12-30 21:45:16,,1,17659"
"3012720,Набор браслетов ""Анатман"",10374,https://xn--b1amp7bwb.com.ua/p614761019-nabor-brasletov-anatman.html,""3серебро, 2 золото"
",шт.,1,,2018-10-27 00:00:00,2018-12-30 21:43:45,,1,18316
3012721,Мужской кожаный браслет Якорь Black"",10375,https://xn--b1amp7bwb.com.ua/p614761018-muzhskoj-kozhanyj-braslet.html,"""
",шт.,1,,2018-10-27 00:00:00,2018-12-30 21:45:16,,1,17653
3012722,Мужской кожаный браслет Шамбала Black"",10376,https://xn--b1amp7bwb.com.ua/p614761017-muzhskoj-kozhanyj-braslet.html,,шт.,1,,2018-10-27 00:00:00,2018-12-30 21:45:16,,1,17636"
"3012723,Мужской кожаный браслет ""Стуна Dark Brown"",10378,https://xn--b1amp7bwb.com.ua/p614761015-muzhskoj-kozhanyj-braslet.html,,шт.,1,,2018-10-27 00:00:00,2018-12-30 21:45:16,,1,17620"
"3012724,Мужской кожаный браслет ""Сетка"",10379,https://xn--b1amp7bwb.com.ua/p614761014-muzhskoj-kozhanyj-braslet.html,,шт.,0,,2018-10-27 00:00:00,2018-10-27 00:00:00,,1,"
"3012725,Мужской кожаный браслет ""Озон Black"",10382,https://xn--b1amp7bwb.com.ua/p614761011-muzhskoj-kozhanyj-braslet.html,,шт.,1,,2018-10-27 00:00:00,2018-12-30 21:45:17,,1,17589"
"3012726,Кожаный браслет для мужчин и женщин ""Молитва"",10383,https://xn--b1amp7bwb.com.ua/p614761010-kozhanyj-braslet-dlya.html,""1-черных, 4-коричневых"",шт.,1,,2018-10-27 00:00:00,2018-12-30 21:43:45,,1,18285"
"3012727,Мужской кожаный браслет ""Мелодия"",10384,https://xn--b1amp7bwb.com.ua/p614761009-muzhskoj-kozhanyj-braslet.html,,шт.,1,,2018-10-27 00:00:00,2018-10-27 00:00:00,,1,"
"3012728,Мужской кожаный браслет ""Крест 1"",10385,https://xn--b1amp7bwb.com.ua/p614761008-muzhskoj-kozhanyj-braslet.html,""4-коричневый, 4-черный"
",шт.,1,,2018-10-27 00:00:00,2018-12-30 21:43:45,,1,18305
3012729,Мужской кожаный браслет Коса "",10386,https://xn--b1amp7bwb.com.ua/p614761007-muzhskoj-kozhanyj-braslet.html,,шт.,1,,2018-10-27 00:00:00,2018-10-27 00:00:00,,1,"
"3012730,Мужской кожаный браслет ""Инь Янь Brown"",10388,https://xn--b1amp7bwb.com.ua/p614761005-muzhskoj-kozhanyj-braslet.html,""2 черный,  9 коричневый"",шт.,1,,2018-10-27 00:00:00,2018-12-30 21:45:17,,1,17556"
"3012731,Мужской кожаный браслет ""Зодиак "",10389,https://xn--b1amp7bwb.com.ua/p614761004-muzhskoj-kozhanyj-braslet.html,""овен1, телец 1, близнецы1, рак 1, дева 1, стрелец2, водолей2, скорпион 1, лев нет, весы 2, рыбы 2, козерог  - нет"

",шт.,0,,2018-10-27 00:00:00,2018-12-30 21:45:17,,1,17551
3012732,Мужской кожаный браслет Дракон"",10390,https://xn--b1amp7bwb.com.ua/p614761003-muzhskoj-kozhanyj-braslet.html,,шт.,1,,2018-10-27 00:00:00,2018-12-30 21:45:17,,1,17542"
"3012733,Мужской кожаный браслет ""Гитара"",10392,https://xn--b1amp7bwb.com.ua/p614761001-muzhskoj-kozhanyj-braslet.html,,шт.,1,,2018-10-27 00:00:00,2018-12-30 21:45:17,,1,17538"
"3012734,Мужской кожаный браслет ""Вэст Black"",10393,https://xn--b1amp7bwb.com.ua/p614761000-muzhskoj-kozhanyj-braslet.html,,шт.,1,,2018-10-27 00:00:00,2018-12-30 21:43:45,,1,18303"
"3012735,Мужской кожаный браслет ""Ассиметрия"",10394,https://xn--b1amp7bwb.com.ua/p614760999-muzhskoj-kozhanyj-braslet.html,""7-черных; 3-коричневых"
",шт.,1,,2018-10-27 00:00:00,2018-12-30 21:43:46,,1,18302
3012736,Браслет для влюбленных, для пары, унисекс""""Together"""". Подарок на День влюбленных."",10395,https://xn--b1amp7bwb.com.ua/p614760998-braslet-dlya-vlyublennyh.html,,шт.,1,,2018-10-27 00:00:00,2018-12-30 21:45:17,,1,17516"
"3012737,""Символический браслет для друзей, для пары """"Best friends"""", унисекс"",10397,https://xn--b1amp7bwb.com.ua/p614760996-simvolicheskij-braslet-dlya.html,""5-коричневый; 1-корчиневый с черной ниткой"
",шт.,1,,2018-10-27 00:00:00,2018-12-30 21:43:44,,1,18325
3012738,Тибетский браслет из бусин Сила говлит"",10398,https://xn--b1amp7bwb.com.ua/p614760995-tibetskij-braslet-busin.html,,шт.,1,,2018-10-27 00:00:00,2018-12-30 21:40:00,,1,18347"
"3012739,Тибетский браслет из бусин ""Сила агат"",10399,https://xn--b1amp7bwb.com.ua/p614760994-tibetskij-braslet-busin.html,""3-золото; 3-серебро; 1-темных серебро"
",шт.,1,,2018-10-27 00:00:00,2018-12-30 21:44:51,,1,17867
3012740,Тибетский браслет из бусин Сила шунгит"",10400,https://xn--b1amp7bwb.com.ua/p614760993-tibetskij-braslet-busin.html,""3-золото; 1-серебро; 3-темных серебро; 1-серебро с камушком"
",шт.,1,,2018-10-27 00:00:00,2018-12-30 21:44:51,,1,17873
3012741,Тибетский браслет из бусин Сила лава"",10401,https://xn--b1amp7bwb.com.ua/p614760992-tibetskij-braslet-busin.html,""2-серебро; 7-темное серебро"
",шт.,1,,2018-10-27 00:00:00,2018-12-30 21:44:51,,1,17871
3012742,Тибетский браслет из бусин Шанхай"",10402,https://xn--b1amp7bwb.com.ua/p614760991-tibetskij-braslet-busin.html,,шт.,0,,2018-10-27 00:00:00,2018-12-30 21:44:51,,1,17943"
"3012743,Тибетский браслет из бусин ""Череп 2 белый"",10403,https://xn--b1amp7bwb.com.ua/p614760990-tibetskij-braslet-busin.html,,шт.,1,,2018-10-27 00:00:00,2018-12-30 21:40:00,,1,18352"
"3012744,Тибетский браслет из бусин ""Череп 2 агат"",10404,https://xn--b1amp7bwb.com.ua/p614760989-tibetskij-braslet-busin.html,,шт.,1,,2018-10-27 00:00:00,2018-12-30 21:44:51,,1,17937"
"3012745,Тибетский браслет из бусин ""Череп 2 шунгит"",10405,https://xn--b1amp7bwb.com.ua/p614760988-tibetskij-braslet-busin.html,,шт.,1,,2018-10-27 00:00:00,2018-12-30 21:44:51,,1,17941"
"3012746,Тибетский браслет из бусин ""Череп 2 лава"",10406,https://xn--b1amp7bwb.com.ua/p614760987-tibetskij-braslet-busin.html,,шт.,1,,2018-10-27 00:00:00,2018-12-30 21:44:51,,1,17939"
"3012747,Тибетский браслет из бусин ""Череп 1 обсидиант снежный"",10407,https://xn--b1amp7bwb.com.ua/p614760986-tibetskij-braslet-busin.html,,шт.,0,,2018-10-27 00:00:00,2018-12-30 21:39:59,,1,18351"
"3012748,Тибетский браслет из бусин ""Череп 1 яшма"",10408,https://xn--b1amp7bwb.com.ua/p614760985-tibetskij-braslet-busin.html,,шт.,1,,2018-10-27 00:00:00,2018-12-30 21:44:51,,1,17935"
"3012749,Тибетский браслет из бусин ""Череп 1 тигровый глаз"",10409,https://xn--b1amp7bwb.com.ua/p614760984-tibetskij-braslet-busin.html,,шт.,1,,2018-10-27 00:00:00,2018-12-30 21:44:51,,1,17933"
"3012750,Тибетский браслет из бусин ""Череп 1 лава"",10410,https://xn--b1amp7bwb.com.ua/p614760983-tibetskij-braslet-busin.html,,шт.,1,,2018-10-27 00:00:00,2018-12-30 21:44:51,,1,17931"
"3012751,Тибетский браслет из бусин ""Череп 1 Инь Янь"",10411,https://xn--b1amp7bwb.com.ua/p614760982-tibetskij-braslet-busin.html,,шт.,0,,2018-10-27 00:00:00,2018-12-30 21:44:51,,1,17929"
"3012752,Тибетский браслет из бусин ""Череп 1 говлит"",10412,https://xn--b1amp7bwb.com.ua/p614760981-tibetskij-braslet-busin.html,,шт.,0,,2018-10-27 00:00:00,2018-12-30 21:39:59,,1,18350"
"3012753,Тибетский браслет из бусин ""Хамса Инь Янь"",10413,https://xn--b1amp7bwb.com.ua/p614760980-tibetskij-braslet-busin.html,,шт.,1,,2018-10-27 00:00:00,2018-12-30 21:44:51,,1,17924"
"3012754,Тибетский браслет из бусин ""Хамса говлит"",10414,https://xn--b1amp7bwb.com.ua/p614760979-tibetskij-braslet-busin.html,""1-золото;5-серебро"
",шт.,1,,2018-10-27 00:00:00,2018-12-30 21:44:51,,1,17922
3012755,Тибетский браслет из бусин Хамса лава"",10415,https://xn--b1amp7bwb.com.ua/p614760978-tibetskij-braslet-busin.html,,шт.,1,,2018-10-27 00:00:00,2018-12-30 21:44:51,,1,17926"
"3012756,Тибетский браслет из бусин ""Хамса агат"",10416,https://xn--b1amp7bwb.com.ua/p614760977-tibetskij-braslet-busin.html,""1-золото"
",шт.,0,,2018-10-27 00:00:00,2018-12-30 21:44:51,,1,17919
3012757,Тибетский браслет из бусин Тигр шунгит"",10417,https://xn--b1amp7bwb.com.ua/p614760976-tibetskij-braslet-busin.html,""5-золото; 6-серебро"
",шт.,1,,2018-10-27 00:00:00,2018-12-30 21:44:51,,1,17916
3012758,Тибетский браслет из бусин Тигр лава"",10419,https://xn--b1amp7bwb.com.ua/p614760974-tibetskij-braslet-busin.html,,шт.,1,,2018-10-27 00:00:00,2018-12-30 21:44:51,,1,17910"
"3012759,Тибетский браслет из бусин ""Тигр синий"",10420,https://xn--b1amp7bwb.com.ua/p614760973-tibetskij-braslet-busin.html,,шт.,1,,2018-10-27 00:00:00,2018-12-30 21:44:51,,1,17914"
"3012760,Тибетский браслет из бусин ""Тигр пятнистый"",10421,https://xn--b1amp7bwb.com.ua/p614760972-tibetskij-braslet-busin.html,,шт.,1,,2018-10-27 00:00:00,2018-12-30 21:44:51,,1,17912"
"3012761,Тибетский браслет из бусин ""Тигр Инь Янь"",10422,https://xn--b1amp7bwb.com.ua/p614760971-tibetskij-braslet-busin.html,,шт.,1,,2018-10-27 00:00:00,2018-12-30 21:44:51,,1,17908"
"3012762,Тибетский браслет из бусин ""Тигр агат"",10423,https://xn--b1amp7bwb.com.ua/p614760970-tibetskij-braslet-busin.html,""4-серебро; 5-золото"
",шт.,1,,2018-10-27 00:00:00,2018-12-30 21:44:51,,1,17905
3012763,Тибетский браслет из бусин Тибет 2"",10424,https://xn--b1amp7bwb.com.ua/p614760969-tibetskij-braslet-busin.html,,шт.,1,,2018-10-27 00:00:00,2018-12-30 21:44:51,,1,17903"
"3012764,Тибетский браслет из бусин ""Тибет 1"",10425,https://xn--b1amp7bwb.com.ua/p614760968-tibetskij-braslet-busin.html,""маленькие бусинки, маленький диаметр 17"
",шт.,1,,2018-10-27 00:00:00,2018-12-30 21:44:51,,1,17901
3012765,Тибетский браслет из бусин Пекин"",10426,https://xn--b1amp7bwb.com.ua/p614760967-tibetskij-braslet-busin.html,"""
",шт.,1,,2018-10-27 00:00:00,2018-12-30 21:44:52,,1,17865
3012766,Тибетский браслет из бусин Спарта лава+тигровый глаз"",10427,https://xn--b1amp7bwb.com.ua/p614760966-tibetskij-braslet-busin.html,""5-золото; 7-серебро; 1-иньянь серебро; 1-иньянь золото"
",шт.,1,,2018-10-27 00:00:00,2018-12-30 21:44:51,,1,17894
3012767,Тибетский браслет из бусин Спарта агат + тигровый глаз"",10428,https://xn--b1amp7bwb.com.ua/p614760965-tibetskij-braslet-busin.html,""2 золото, 1 серебро"
",шт.,1,,2018-10-27 00:00:00,2018-12-30 21:44:51,,1,17887
3012768,Тибетский браслет из бусин Спарта говлит"",10429,https://xn--b1amp7bwb.com.ua/p614760964-tibetskij-braslet-busin.html,,шт.,1,,2018-10-27 00:00:00,2018-12-30 21:40:00,,1,18349"
"3012769,Тибетский браслет из бусин ""Спарта лава"",10430,https://xn--b1amp7bwb.com.ua/p614760963-tibetskij-braslet-busin.html,""2-серебро; 3-золото"
",шт.,1,,2018-10-27 00:00:00,2018-12-30 21:44:51,,1,17891
3012770,Тибетский браслет из бусин Спарта шунгит"",10431,https://xn--b1amp7bwb.com.ua/p614760962-tibetskij-braslet-busin.html,""2-серебро; 3-золото"
",шт.,1,,2018-10-27 00:00:00,2018-12-30 21:44:51,,1,17898
3012771,Тибетский браслет из бусин Спарта агат"",10432,https://xn--b1amp7bwb.com.ua/p614760961-tibetskij-braslet-busin.html,""3-серебро;4-золото"
",шт.,1,,2018-10-27 00:00:00,2018-12-30 21:44:51,,1,17884
3012772,Тибетский браслет из бусин Солнце"",10433,https://xn--b1amp7bwb.com.ua/p614760960-tibetskij-braslet-busin.html,,шт.,1,,2018-10-27 00:00:00,2018-12-30 21:44:51,,1,17882"
"3012773,Тибетский браслет из бусин ""Сокол"",10434,https://xn--b1amp7bwb.com.ua/p614760959-tibetskij-braslet-busin.html,,шт.,1,,2018-10-27 00:00:00,2018-12-30 21:44:51,,1,17880"
"3012774,Тибетский браслет из бусин ""Нирвана"",10435,https://xn--b1amp7bwb.com.ua/p614760958-tibetskij-braslet-busin.html,,шт.,1,,2018-10-27 00:00:00,2018-12-30 21:40:00,,1,18346"
"3012775,Тибетский браслет из бусин ""Многослойный White"",10436,https://xn--b1amp7bwb.com.ua/p614760957-tibetskij-braslet-busin.html,3 с хвостом,шт.,0,,2018-10-27 00:00:00,2018-12-30 21:44:52,,1,17863"
"3012776,Тибетский браслет из бусин ""Мангр"",10437,https://xn--b1amp7bwb.com.ua/p614760956-tibetskij-braslet-busin.html,,шт.,1,,2018-10-27 00:00:00,2018-12-30 21:44:52,,1,17849"
"3012777,Тибетский браслет из бусин ""Лев шунгит"",10438,https://xn--b1amp7bwb.com.ua/p614760955-tibetskij-braslet-busin.html,3-золото,шт.,1,,2018-10-27 00:00:00,2018-12-30 21:44:52,,1,17847"
"3012778,""Тибетский браслет из бусин """"Лев, тигровый глаз"""""",10439,https://xn--b1amp7bwb.com.ua/p614760954-tibetskij-braslet-busin.html,""2-серебро; 2-золото"
",шт.,1,,2018-10-27 00:00:00,2018-12-30 21:44:52,,1,17841
3012779,Тибетский браслет из бусин Лев синий"",10440,https://xn--b1amp7bwb.com.ua/p614760952-tibetskij-braslet-busin.html,,шт.,1,,2018-10-27 00:00:00,2018-12-30 21:44:52,,1,17839"
"3012780,Тибетский браслет из бусин ""Лев яшма"",10441,https://xn--b1amp7bwb.com.ua/p614760951-tibetskij-braslet-busin.html,""1-серебро; 1-золото"
",шт.,1,,2018-10-27 00:00:00,2018-12-30 21:43:44,,1,18342
3012781,Тибетский браслет из бусин Лев лава"",10442,https://xn--b1amp7bwb.com.ua/p614760949-tibetskij-braslet-busin.html,""3-серебро, 3 золото"
",шт.,1,,2018-10-27 00:00:00,2018-12-30 21:44:53,,1,17833
3012782,Тибетский браслет из бусин Лев с камнями Black Glossy"",10443,https://xn--b1amp7bwb.com.ua/p614760948-tibetskij-braslet-busin.html,серебро,шт.,1,,2018-10-27 00:00:00,2018-12-30 21:44:52,,1,17837"
"3012783,Тибетский браслет из бусин ""Лев агат"",10446,https://xn--b1amp7bwb.com.ua/p614760945-tibetskij-braslet-busin.html,серебро,шт.,1,,2018-10-27 00:00:00,2018-12-30 21:44:52,,1,17831"
"3012784,Тибетский браслет из бусин ""Этно"",10447,https://xn--b1amp7bwb.com.ua/p614760944-tibetskij-braslet-busin.html,,шт.,1,,2018-10-27 00:00:00,2018-12-30 21:44:51,,1,17945"
"3012785,Тибетский браслет из бусин ""Дзогчен говлит"",10448,https://xn--b1amp7bwb.com.ua/p614760943-tibetskij-braslet-busin.html,,шт.,1,,2018-10-27 00:00:00,2018-12-30 21:43:44,,1,18338"
"3012786,""Тибетский браслет из бусин """"Вера 2, вулканическая лава"""""",10449,https://xn--b1amp7bwb.com.ua/p614760942-tibetskij-braslet-busin.html,,шт.,1,,2018-10-27 00:00:00,2018-12-30 21:44:52,,1,17816"
"3012787,""Тибетский браслет из бусин """"Вера 2, агат"""""",10450,https://xn--b1amp7bwb.com.ua/p614760941-tibetskij-braslet-busin.html,,шт.,1,,2018-10-27 00:00:00,2018-12-30 21:44:52,,1,17814"
"3012788,""Тибетский браслет из бусин """"Вера 2, шунгит"""""",10451,https://xn--b1amp7bwb.com.ua/p614760940-tibetskij-braslet-busin.html,,шт.,1,,2018-10-27 00:00:00,2018-12-30 21:44:52,,1,17818"
"3012789,""Тибетский браслет из бусин """"Вера 2, говлит"""""",10452,https://xn--b1amp7bwb.com.ua/p614760939-tibetskij-braslet-busin.html,,шт.,1,,2018-10-27 00:00:00,2018-12-30 21:43:45,,1,18334"
"3012790,Тибетский браслет из бусин ""Вера 1"",10453,https://xn--b1amp7bwb.com.ua/p614760938-tibetskij-braslet-busin.html,,шт.,1,,2018-10-27 00:00:00,2018-12-30 21:44:52,,1,17812"
"3012791,""Тибетский браслет из бусин """"Будда, тигровый глаз"""""",10454,https://xn--b1amp7bwb.com.ua/p614760937-tibetskij-braslet-busin.html,,шт.,0,,2018-10-27 00:00:00,2018-12-30 21:44:52,,1,17810"
"3012792,""Тибетский браслет из бусин """"Будда, обсидиант снежный"""""",10455,https://xn--b1amp7bwb.com.ua/p614760936-tibetskij-braslet-busin.html,,шт.,0,,2018-10-27 00:00:00,2018-12-30 21:44:52,,1,17806"
"3012793,""Тибетский браслет из бусин """"Будда, лава 2"""""",10456,https://xn--b1amp7bwb.com.ua/p614760935-tibetskij-braslet-busin.html,,шт.,0,,2018-10-27 00:00:00,2018-12-30 21:44:52,,1,17804"
"3012794,""Тибетский браслет из бусин """"Будда, лава+тигровый глаз"""""",10457,https://xn--b1amp7bwb.com.ua/p614760934-tibetskij-braslet-busin.html,,шт.,0,,2018-10-27 00:00:00,2018-12-30 21:44:52,,1,17802"
"3012795,""Тибетский браслет из бусин """"Будда, лава"""""",10458,https://xn--b1amp7bwb.com.ua/p614760933-tibetskij-braslet-busin.html,,шт.,0,,2018-10-27 00:00:00,2018-12-30 21:44:52,,1,17800"
"3012796,Тибетский браслет из бусин ""Будда с камнями"",10459,https://xn--b1amp7bwb.com.ua/p614760932-tibetskij-braslet-busin.html,,шт.,0,,2018-10-27 00:00:00,2018-12-30 21:44:52,,1,17808"
"3012797,""Тибетский браслет из бусин """"Будда, дерево"""""",10460,https://xn--b1amp7bwb.com.ua/p614760931-tibetskij-braslet-busin.html,,шт.,0,,2018-10-27 00:00:00,2018-12-30 21:44:52,,1,17794"
"3012798,""Тибетский браслет из бусин """"Будда, говлит"""""",10461,https://xn--b1amp7bwb.com.ua/p614760930-tibetskij-braslet-busin.html,,шт.,0,,2018-10-27 00:00:00,2018-12-30 21:43:44,,1,18332"
"3012799,""Тибетский браслет из бусин """"Будда, агат"""""",10462,https://xn--b1amp7bwb.com.ua/p614760929-tibetskij-braslet-busin.html,""3-серебро, 3 золото"
",шт.,0,,2018-10-27 00:00:00,2018-12-30 21:44:52,,1,17791
3012800,Тибетский браслет из бусин """"Будда, авантюрин синий"""""",10463,https://xn--b1amp7bwb.com.ua/p614760928-tibetskij-braslet-busin.html,,шт.,0,,2018-10-27 00:00:00,2018-12-30 21:44:52,,1,17789"
"3012801,""Тибетский браслет из бусин """"Будда, авантюрин коричневый"""""",10464,https://xn--b1amp7bwb.com.ua/p614760927-tibetskij-braslet-busin.html,,шт.,0,,2018-10-27 00:00:00,2018-12-30 21:44:52,,1,17787"
"3012802,Тибетский браслет из бусин ""Близнецы 2"",10465,https://xn--b1amp7bwb.com.ua/p614760926-tibetskij-braslet-busin.html,""золото 1-колечко, 1-без колечка"
",шт.,0,,2018-10-27 00:00:00,2018-12-30 21:44:52,,1,17784
3012803,Тибетский браслет из бусин Близнецы 1"",10466,https://xn--b1amp7bwb.com.ua/p614760925-tibetskij-braslet-busin.html,""2-золото колечко, 5-серебро колечки; 2-серебро без колечек"
",шт.,0,,2018-10-27 00:00:00,2018-12-30 21:44:52,,1,17780
3012804,Тибетский браслет из бусин Live Gold"",10467,https://xn--b1amp7bwb.com.ua/p614760924-tibetskij-braslet-busin.html,,шт.,0,,2018-10-27 00:00:00,2018-12-30 21:44:52,,1,17774"
"3012805,""Винтажные часы, унисекс """"Ретро Gold"""""",10468,https://xn--b1amp7bwb.com.ua/p614760923-vintazhnye-chasy-uniseks.html,,шт.,0,,2018-10-27 00:00:00,2018-12-30 21:48:20,,1,14784"
"3012806,Часы ""Лайт White"",10469,https://xn--b1amp7bwb.com.ua/p614760922-chasy-lajt-white.html,,шт.,0,,2018-10-27 00:00:00,2018-12-30 21:48:20,,1,14776"
"3012807,Часы ""Деревяные"",10470,https://xn--b1amp7bwb.com.ua/p614760921-chasy-derevyanye.html,""2 разных"
",шт.,0,,2018-10-27 00:00:00,2018-12-30 21:48:20,,1,14765
3012808,Часы Модерн"",10471,https://xn--b1amp7bwb.com.ua/p614760920-chasy-modern.html,,шт.,0,,2018-10-27 00:00:00,2018-12-30 21:48:20,,1,14778"
"3012809,Часы ""Геометрия White"",10472,https://xn--b1amp7bwb.com.ua/p614760919-chasy-geometriya-white.html,,шт.,0,,2018-10-27 00:00:00,2018-12-30 21:48:21,,1,14752"
"3012810,Часы ""Генезис 2 Black"",10473,https://xn--b1amp7bwb.com.ua/p614760918-chasy-genezis-black.html,,шт.,0,,2018-10-27 00:00:00,2018-12-30 21:39:59,,1,18354"
"3012811,Часы ""Генезис Black"",10474,https://xn--b1amp7bwb.com.ua/p614760917-chasy-genezis-black.html,,шт.,0,,2018-10-27 00:00:00,2018-12-30 21:48:21,,1,14730"
"3012812,Колье ""Цепь Gold"",10475,https://xn--b1amp7bwb.com.ua/p614760916-kole-tsep-gold.html,,шт.,0,,2018-10-27 00:00:00,2018-12-30 21:48:21,,1,14504"
"3012813,Колье ""Хищница Gold"",10476,https://xn--b1amp7bwb.com.ua/p614760915-kole-hischnitsa-gold.html,,шт.,0,,2018-10-27 00:00:00,2018-10-27 00:00:00,,1,"
"3012814,Колье ""Обод Gold"",10478,https://xn--b1amp7bwb.com.ua/p614760912-kole-obod-gold.html,,шт.,0,,2018-10-27 00:00:00,2018-12-30 21:48:21,,1,14487"
"3012815,Колье ""Новелла"",10479,https://xn--b1amp7bwb.com.ua/p614760911-kole-novella.html,,шт.,0,,2018-10-27 00:00:00,2018-12-30 21:48:21,,1,14481"
"3012816,Колье ""Бахрома Gold"",10480,https://xn--b1amp7bwb.com.ua/p614760909-kole-bahroma-gold.html,,шт.,0,,2018-10-27 00:00:00,2018-12-30 21:48:21,,1,14472"
"3012817,Сережки ""Авенго"",10483,https://xn--b1amp7bwb.com.ua/p614760906-serezhki-avengo.html,золото,шт.,0,,2018-10-27 00:00:00,2018-12-30 21:48:21,,1,14527"
"3012818,Сережки ""Чайка"",10484,https://xn--b1amp7bwb.com.ua/p614760905-serezhki-chajka.html,""2-черных; 3-серебро; 3-золото"
",шт.,0,,2018-10-27 00:00:00,2018-12-30 21:48:21,,1,14609
3012819,Сережки Природа"",10485,https://xn--b1amp7bwb.com.ua/p614760903-serezhki-priroda.html,""3-золото; 2-серебро"
",шт.,0,,2018-10-27 00:00:00,2018-12-30 21:48:21,,1,14605
3012820,Сережки Полинео"",10486,https://xn--b1amp7bwb.com.ua/p614760902-serezhki-polineo.html,голубой цвет,шт.,0,,2018-10-27 00:00:00,2018-12-30 21:48:21,,1,14600"
"3012821,Сережки ""Шарм"",10487,https://xn--b1amp7bwb.com.ua/p614760901-serezhki-sharm.html,,шт.,0,,2018-10-27 00:00:00,2018-12-30 21:48:21,,1,14614"
"3012822,Сережки ""Красотка"",10488,https://xn--b1amp7bwb.com.ua/p614760900-serezhki-krasotka.html,,шт.,0,,2018-10-27 00:00:00,2018-10-27 00:00:00,,1,"
"3012823,Сережки ""Клеопатра"",10489,https://xn--b1amp7bwb.com.ua/p614760899-serezhki-kleopatra.html,,шт.,0,,2018-10-27 00:00:00,2018-12-30 21:48:21,,1,14587"
"3012824,Сережки ""Калеопса"",10490,https://xn--b1amp7bwb.com.ua/p614760898-serezhki-kaleopsa.html,,шт.,0,,2018-10-27 00:00:00,2018-10-27 00:00:00,,1,"
"3012825,Сережки ""Ирис"",10491,https://xn--b1amp7bwb.com.ua/p614760897-serezhki-iris.html,""2-серебро; 2-черных"
",шт.,0,,2018-10-27 00:00:00,2018-12-30 21:48:21,,1,14575
3012826,Сережки Земля"",10492,https://xn--b1amp7bwb.com.ua/p614760896-serezhki-zemlya.html,""золото"
",шт.,0,,2018-10-27 00:00:00,2018-12-30 21:48:21,,1,14567
3012827,Сережки Жемчужная радость"",10493,https://xn--b1amp7bwb.com.ua/p614760895-serezhki-zhemchuzhnaya-radost.html,""1-серебро"
",шт.,0,,2018-10-27 00:00:00,2018-12-30 21:48:21,,1,14561
3012828,Сережки Нежность Gold"",10494,https://xn--b1amp7bwb.com.ua/p614760894-serezhki-nezhnost-gold.html,,шт.,0,,2018-10-27 00:00:00,2018-10-27 00:00:00,,1,"
"3012829,Сережки ""Египетская ночь"",10495,https://xn--b1amp7bwb.com.ua/p614760893-serezhki-egipetskaya-noch.html,,шт.,0,,2018-10-27 00:00:00,2018-10-27 00:00:00,,1,"
"3012830,Сережки ""Геометрия"",10497,https://xn--b1amp7bwb.com.ua/p614760891-serezhki-geometriya.html,""1-золото,"",шт.,0,,2018-10-27 00:00:00,2018-12-30 21:48:21,,1,14550"
"3012831,Сережки ""Верона"",10498,https://xn--b1amp7bwb.com.ua/p614760890-serezhki-verona.html,""2-серебро;4-золото"
",шт.,0,,2018-10-27 00:00:00,2018-11-06 10:36:04,,1,
3012832,Сережки Бесконечность Gold "",10499,https://xn--b1amp7bwb.com.ua/p614760889-serezhki-beskonechnost-gold.html,""1-золото; 3-серебро"
",шт.,0,,2018-10-27 00:00:00,2018-12-30 21:48:22,,1,14544
3012833,Сережки Аристократка"",10500,https://xn--b1amp7bwb.com.ua/p614760888-serezhki-aristokratka.html,"""
2-серебро
",шт.,0,,2018-10-27 00:00:00,2018-12-30 21:48:21,,1,14536
3012834,Женский браслет Цепи Gold"",10502,https://xn--b1amp7bwb.com.ua/p614760864-zhenskij-braslet-tsepi.html,,шт.,0,,2018-10-27 00:00:00,2018-12-30 21:48:22,,1,14460"
"3012835,Женский браслет ""Нежность White"",10503,https://xn--b1amp7bwb.com.ua/p614760863-zhenskij-braslet-nezhnost.html,,шт.,0,,2018-10-27 00:00:00,2018-10-27 00:00:00,,1,"
"3012836,Женский браслет ""Сердце"",10504,https://xn--b1amp7bwb.com.ua/p614760862-zhenskij-braslet-serdtse.html,""4-золото, 5 серебро"
",шт.,0,,2018-10-27 00:00:00,2018-12-30 21:48:22,,1,14451
3012837,Женский браслет Набор многослойный Blue"",10505,https://xn--b1amp7bwb.com.ua/p614760861-zhenskij-braslet-nabor.html,,шт.,0,,2018-10-27 00:00:00,2018-12-30 21:48:22,,1,14449"
"3012838,Женский браслет ""Love Peachy"",10508,https://xn--b1amp7bwb.com.ua/p614760857-zhenskij-braslet-love.html,,шт.,0,,2018-10-27 00:00:00,2018-10-27 00:00:00,,1,"
"3012839,Длинная цепочка ""Ундина"",10509,https://xn--b1amp7bwb.com.ua/p614760854-dlinnaya-tsepochka-undina.html,,шт.,0,,2018-10-27 00:00:00,2018-10-27 00:00:00,,1,"
"3012840,Кулон на цепочке ""Страсть"",0,https://xn--b1amp7bwb.com.ua/p614760853-kulon-tsepochke-strast.html,,шт.,0,,2018-10-27 00:00:00,2018-10-27 00:00:00,,1,"
"3012841,""Кулон на цепочке, подвеска """"Сердцебиение"""""",10511,https://xn--b1amp7bwb.com.ua/p614760851-kulon-tsepochke-podveska.html,,шт.,0,,2018-10-27 00:00:00,2018-12-30 21:48:21,,1,14715"
"3012842,Двойная цепочка ""Птица 2"",10512,https://xn--b1amp7bwb.com.ua/p614760848-dvojnaya-tsepochka-ptitsa.html,,шт.,0,,2018-10-27 00:00:00,2018-12-30 21:48:21,,1,14709"
"3012843,Цепочка ""Птица"",10513,https://xn--b1amp7bwb.com.ua/p614760847-tsepochka-ptitsa.html,,шт.,0,,2018-10-27 00:00:00,2018-12-30 21:48:21,,1,14702"
"3012844,""Длинная цепочка, кулон """"Оазис"""""",10514,https://xn--b1amp7bwb.com.ua/p614760846-dlinnaya-tsepochka-kulon.html,""золото"
",шт.,0,,2018-10-27 00:00:00,2018-10-29 19:35:38,,1,
3012845,Цепочка с кулоном Надежда"",10515,https://xn--b1amp7bwb.com.ua/p614760844-tsepochka-kulonom-nadezhda.html,""серебро"
",шт.,0,,2018-10-27 00:00:00,2018-12-30 21:48:21,,1,14695
3012846,Цепочка с кулоном Магия света"",10516,https://xn--b1amp7bwb.com.ua/p614760843-tsepochka-kulonom-magiya.html,,шт.,0,,2018-10-27 00:00:00,2018-12-30 21:48:21,,1,14690"
"3012847,Цепочка с кулоном ""Кольцо"",10519,https://xn--b1amp7bwb.com.ua/p614760840-tsepochka-kulonom-koltso.html,"" серебро"
",шт.,0,,2018-10-27 00:00:00,2018-12-30 21:48:21,,1,14686
3012848,Длинная цепочка с кулоном Ключ"",10520,https://xn--b1amp7bwb.com.ua/p614760839-dlinnaya-tsepochka-kulonom.html,"""",шт.,0,,2018-10-27 00:00:00,2018-12-30 21:48:21,,1,14681"
"3012849,Длинная цепочка ""Кипарис"",10521,https://xn--b1amp7bwb.com.ua/p614760838-dlinnaya-tsepochka-kiparis.html,,шт.,0,,2018-10-27 00:00:00,2018-12-30 21:48:21,,1,14672"
"3012850,Кулон ""Капля дождя"",10522,https://xn--b1amp7bwb.com.ua/p614760575-kulon-kaplya-dozhdya.html,серебро,шт.,0,,2018-10-27 00:00:00,2018-10-29 19:45:30,,1,"
"3012851,Цепочка с кулоном ""Капля воды"",10523,https://xn--b1amp7bwb.com.ua/p614760574-tsepochka-kulonom-kaplya.html,,шт.,0,,2018-10-27 00:00:00,2018-10-27 00:00:00,,1,"
"3012852,Двойная цепочка с кулоном ""Ангел"",10525,https://xn--b1amp7bwb.com.ua/p614760569-dvojnaya-tsepochka-kulonom.html,""3-серебро;1-золото"
",шт.,0,,2018-10-27 00:00:00,2018-12-30 21:48:21,,1,14621
3012853,Двойная цепочка, кулон, подвеска """"Египет"""""",10526,https://xn--b1amp7bwb.com.ua/p614760568-dvojnaya-tsepochka-kulon.html,,шт.,0,,2018-10-27 00:00:00,2018-12-30 21:48:21,,1,14663"
"3012854,""Цепочка, кулон """"Дуга"""""",10527,https://xn--b1amp7bwb.com.ua/p614760567-tsepochka-kulon-duga.html,""золото"
",шт.,0,,2018-10-27 00:00:00,2018-12-30 21:48:21,,1,14658
3012855,Цепочка с кулоном Горизонталь"",10528,https://xn--b1amp7bwb.com.ua/p614760566-tsepochka-kulonom-gorizontal.html,,шт.,0,,2018-10-27 00:00:00,2018-12-30 21:48:21,,1,14651"
"3012856,Цепочка с кулоном-сердцем""Глубина"",10529,https://xn--b1amp7bwb.com.ua/p614760565-tsepochka-kulonom-serdtsemglubina.html,""золото"
",шт.,0,,2018-10-27 00:00:00,2018-10-29 19:37:17,,1,
3012857,Цепочка с кулоном Тригонометрия"",10530,https://xn--b1amp7bwb.com.ua/p614760563-tsepochka-kulonom-trigonometriya.html,""серебро"
",шт.,0,,2018-10-27 00:00:00,2018-12-30 21:48:21,,1,14725
3012858,Тройная цепочка, колье, украшение на шею """"Богема 2"""""",10532,https://xn--b1amp7bwb.com.ua/p614760561-trojnaya-tsepochka-kole.html,""серебро нет в наличии"
",шт.,0,,2018-10-27 00:00:00,2018-12-30 21:48:21,,1,14643
3012859,Цепочка с кулоном Бесконечность "",10534,https://xn--b1amp7bwb.com.ua/p614760559-tsupochka-kulonom-beskonechnost.html,""3-золото;2-серебро"
",шт.,0,,2018-10-27 00:00:00,2018-12-30 21:48:21,,1,14637
3012860,Длинная цепочка Ассоль"",10535,https://xn--b1amp7bwb.com.ua/p614760558-dlinnaya-tsepochka-assol.html,,шт.,0,,2018-10-27 00:00:00,2018-12-30 21:48:21,,1,14631"
"3012861,Кулон ""Антарктида"",10537,https://xn--b1amp7bwb.com.ua/p614760556-kulon-antarktida.html,,шт.,0,,2018-10-27 00:00:00,2018-10-27 00:00:00,,1,"
"3012862,Длинная цепочка ""Агония"",10538,https://xn--b1amp7bwb.com.ua/p614760555-dlinnaya-tsepochka-agoniya.html,,шт.,0,,2018-10-27 00:00:00,2018-12-30 21:48:21,,1,14619"
"3012863,Мужская кожаная сумка ""Кент Black"",10539,https://xn--b1amp7bwb.com.ua/p613765285-muzhskaya-kozhanaya-sumka.html,,шт.,0,,2018-10-27 00:00:00,2018-12-30 21:44:53,,1,18019"
"3012864,Мужская кожаная сумка ""Оптима Black"",10543,https://xn--b1amp7bwb.com.ua/p613729934-muzhskaya-kozhanaya-sumka.html,,шт.,0,,2018-10-27 00:00:00,2018-12-30 21:44:52,,1,18050"
"3012865,Женский клатч ""Зоя Beige"",10547,https://xn--b1amp7bwb.com.ua/p612608209-zhenskij-klatch-zoya.html,,шт.,0,,2018-10-27 00:00:00,2018-12-30 21:47:46,,1,15831"
"3012866,Женский клатч ""Калеопсис Dark Blue"",10548,https://xn--b1amp7bwb.com.ua/p612599827-zhenskij-klatch-kaleopsis.html,,шт.,0,,2018-10-27 00:00:00,2018-12-30 21:47:46,,1,15864"
"3012867,Женский клатч ""Калеопсис Red"",10549,https://xn--b1amp7bwb.com.ua/p612598950-zhenskij-klatch-kaleopsis.html,,шт.,0,,2018-10-27 00:00:00,2018-12-30 21:47:46,,1,15870"
"3012868,Женский клатч ""Калеопсис Beige"",10550,https://xn--b1amp7bwb.com.ua/p612596991-zhenskij-klatch-kaleopsis.html,,шт.,0,,2018-10-27 00:00:00,2018-12-30 21:47:46,,1,15852"
"3012869,Женский клатч ""Лас Вегас White"",10551,https://xn--b1amp7bwb.com.ua/p612588802-zhenskij-klatch-las.html,,шт.,0,,2018-10-27 00:00:00,2018-12-30 21:47:46,,1,16028"
"3012870,Женский клатч ""Голливуд Black"",10552,https://xn--b1amp7bwb.com.ua/p612585016-zhenskij-klatch-gollivud.html,,шт.,0,,2018-10-27 00:00:00,2018-12-30 21:47:46,,1,15746"
"3012871,Женский клатч ""Голливуд Silver"",10553,https://xn--b1amp7bwb.com.ua/p612584665-zhenskij-klatch-gollivud.html,,шт.,0,,2018-10-27 00:00:00,2018-12-30 21:44:32,,1,18213"
"3012872,Женский клатч ""Конверт Black"",10555,https://xn--b1amp7bwb.com.ua/p612580829-zhenskij-klatch-konvert.html,,шт.,0,,2018-10-27 00:00:00,2018-12-30 21:47:46,,1,15953"
"3012873,Женский клатч ""Голографический клатч Pink"",10556,https://xn--b1amp7bwb.com.ua/p612577677-zhenskij-klatch-golograficheskij.html,,шт.,0,,2018-10-27 00:00:00,2018-12-30 21:47:46,,1,15764"
"3012874,Женская повседневная сумка мини ""Мадрид White"",10557,https://xn--b1amp7bwb.com.ua/p612566671-zhenskaya-povsednevnaya-sumka.html,,шт.,0,,2018-10-27 00:00:00,2018-12-30 21:44:33,,1,18183"
"3012875,Женский клатч ""Ямайка Ginger"",10558,https://xn--b1amp7bwb.com.ua/p612564635-zhenskij-klatch-yamajka.html,,шт.,0,,2018-10-27 00:00:00,2018-12-30 21:45:40,,1,16559"
"3012876,Женский клатч ""Ямайка Dark Brown"",10559,https://xn--b1amp7bwb.com.ua/p612564593-zhenskij-klatch-yamajka.html,,шт.,0,,2018-10-27 00:00:00,2018-12-30 21:45:40,,1,16552"
"3012877,Женский клатч ""Ямайка Black"",10560,https://xn--b1amp7bwb.com.ua/p612564482-zhenskij-klatch-yamajka.html,,шт.,0,,2018-10-27 00:00:00,2018-12-30 21:43:46,,1,18245"
"3012878,Женский клатч ""Ягодка Yellow"",10562,https://xn--b1amp7bwb.com.ua/p612561397-zhenskij-klatch-yagodka.html,,шт.,0,,2018-10-27 00:00:00,2018-12-30 21:43:46,,1,18242"
"3012879,Женский клатч ""Ягодка Lilac"",10563,https://xn--b1amp7bwb.com.ua/p612558179-zhenskij-klatch-yagodka.html,,шт.,0,,2018-10-27 00:00:00,2018-12-30 21:45:40,,1,16529"
"3012880,Женский клатч ""Ягодка Blue"",10564,https://xn--b1amp7bwb.com.ua/p612558077-zhenskij-klatch-yagodka.html,,шт.,0,,2018-10-27 00:00:00,2018-12-30 21:45:40,,1,16517"
"3012881,Женский клатч ""Ягодка Ginger"",10566,https://xn--b1amp7bwb.com.ua/p612557480-zhenskij-klatch-yagodka.html,,шт.,0,,2018-10-27 00:00:00,2018-12-30 21:45:40,,1,16522"
"3012882,Женский клатч ""Ягодка White"",10569,https://xn--b1amp7bwb.com.ua/p612554584-zhenskij-klatch-yagodka.html,,шт.,0,,2018-10-27 00:00:00,2018-12-30 21:45:40,,1,16543"
"3012883,Женский клатч ""Юпитер Dark Gray"",10570,https://xn--b1amp7bwb.com.ua/p612553465-zhenskij-klatch-yupiter.html,,шт.,0,,2018-10-27 00:00:00,2018-12-30 21:43:46,,1,18239"
"3012884,Женский клатч ""Юпитер Black"",10571,https://xn--b1amp7bwb.com.ua/p612552691-zhenskij-klatch-yupiter.html,,шт.,0,,2018-10-27 00:00:00,2018-12-30 21:45:40,,1,16487"
"3012885,Женский клатч ""Эльза Brown"",10573,https://xn--b1amp7bwb.com.ua/p612550958-zhenskij-klatch-elza.html,,шт.,0,,2018-10-27 00:00:00,2018-12-30 21:45:40,,1,16480"
"3012886,Женский клатч ""Эльвира 2 Black"",10574,https://xn--b1amp7bwb.com.ua/p612549584-zhenskij-klatch-elvira.html,,шт.,0,,2018-10-27 00:00:00,2018-12-30 21:45:40,,1,16458"
"3012887,Женский клатч ""Эльвира 1 Light Pink"",10575,https://xn--b1amp7bwb.com.ua/p612543450-zhenskij-klatch-elvira.html,,шт.,0,,2018-10-27 00:00:00,2018-12-30 21:43:46,,1,18238"
"3012888,Женский клатч ""Чикаго Black"",10576,https://xn--b1amp7bwb.com.ua/p612541383-zhenskij-klatch-chikago.html,,шт.,0,,2018-10-27 00:00:00,2018-12-30 21:47:45,,1,16420"
"3012889,Женский клатч ""Чикаго Pink"",10577,https://xn--b1amp7bwb.com.ua/p612539345-zhenskij-klatch-chikago.html,,шт.,0,,2018-10-27 00:00:00,2018-12-30 21:47:45,,1,16432"
"3012890,Женский клатч ""Травка2 Ginger"",10580,https://xn--b1amp7bwb.com.ua/p612526251-zhenskij-klatch-travka2.html,,шт.,0,,2018-10-27 00:00:00,2018-12-30 21:47:45,,1,16334"
"3012891,Женский клатч ""Травка2 Black"",10581,https://xn--b1amp7bwb.com.ua/p612526151-zhenskij-klatch-travka2.html,,шт.,0,,2018-10-27 00:00:00,2018-12-30 21:47:45,,1,16327"
"3012892,Женский клатч ""Травка Light Gray"",10582,https://xn--b1amp7bwb.com.ua/p612524739-zhenskij-klatch-travka.html,,шт.,0,,2018-10-27 00:00:00,2018-12-30 21:47:45,,1,16362"
"3012893,Женский клатч ""Травка Purple"",10583,https://xn--b1amp7bwb.com.ua/p612524305-zhenskij-klatch-travka.html,,шт.,0,,2018-10-27 00:00:00,2018-12-30 21:43:46,,1,18237"
"3012894,Женский клатч ""Травка White"",10584,https://xn--b1amp7bwb.com.ua/p612523471-zhenskij-klatch-travka.html,,шт.,0,,2018-10-27 00:00:00,2018-12-30 21:47:45,,1,16369"
"3012895,Женский клатч ""Травка Black"",10585,https://xn--b1amp7bwb.com.ua/p612522903-zhenskij-klatch-travka.html,,шт.,0,,2018-10-27 00:00:00,2018-12-30 21:47:45,,1,16348"
"3012896,Женский клатч ""Сюзанна Pink"",10586,https://xn--b1amp7bwb.com.ua/p612521786-zhenskij-klatch-syuzanna.html,,шт.,0,,2018-10-27 00:00:00,2018-12-30 21:47:45,,1,16318"
"3012897,Женский клатч ""Сингапур Red"",10588,https://xn--b1amp7bwb.com.ua/p612325965-zhenskij-klatch-singapur.html,,шт.,0,,2018-10-27 00:00:00,2018-12-30 21:47:45,,1,16304"
"3012898,Женский клатч ""Мира Gray"",10590,https://xn--b1amp7bwb.com.ua/p612324280-zhenskij-klatch-mira.html,,шт.,0,,2018-10-27 00:00:00,2018-12-30 21:47:46,,1,16084"
"3012899,Женский клатч ""Мира Pink"",10592,https://xn--b1amp7bwb.com.ua/p612323697-zhenskij-klatch-mira.html,,шт.,0,,2018-10-27 00:00:00,2018-12-30 21:47:46,,1,16091"
"3012900,Женский клатч ""Мира Red"",10593,https://xn--b1amp7bwb.com.ua/p612323491-zhenskij-klatch-mira.html,,шт.,0,,2018-10-27 00:00:00,2018-12-30 21:47:46,,1,16099"
"3012901,Женский клатч ""Сан-Франциско Beige"",10594,https://xn--b1amp7bwb.com.ua/p612322274-zhenskij-klatch-san.html,,шт.,0,,2018-10-27 00:00:00,2018-12-30 21:47:45,,1,16261"
"3012902,Женский клатч ""Сан-Франциско Bright pink"",10595,https://xn--b1amp7bwb.com.ua/p612321410-zhenskij-klatch-san.html,,шт.,0,,2018-10-27 00:00:00,2018-12-30 21:47:45,,1,16273"
"3012903,Женский клатч ""Сан-Франциско Pink"",10596,https://xn--b1amp7bwb.com.ua/p612320497-zhenskij-klatch-san.html,,шт.,0,,2018-10-27 00:00:00,2018-12-30 21:47:45,,1,16291"
"3012904,Женский клатч ""Сан-Франциско Purple"",10597,https://xn--b1amp7bwb.com.ua/p612319291-zhenskij-klatch-san.html,,шт.,0,,2018-10-27 00:00:00,2018-12-30 21:47:45,,1,16297"
"3012905,Женский клатч ""Сан-Франциско Black"",10598,https://xn--b1amp7bwb.com.ua/p612318259-zhenskij-klatch-san.html,,шт.,0,,2018-10-27 00:00:00,2018-12-30 21:47:45,,1,16267"
"3012906,Женский клатч ""Сан-Франциско Green"",10599,https://xn--b1amp7bwb.com.ua/p612315894-zhenskij-klatch-san.html,,шт.,0,,2018-10-27 00:00:00,2018-12-30 21:47:45,,1,16285"
"3012907,Женский клатч ""Ромашка Burgundy"",10600,https://xn--b1amp7bwb.com.ua/p612307813-zhenskij-klatch-romashka.html,,шт.,0,,2018-10-27 00:00:00,2018-12-30 21:47:45,,1,16235"
"3012908,Женский клатч ""Ромашка Dark gray"",10601,https://xn--b1amp7bwb.com.ua/p612306814-zhenskij-klatch-romashka.html,,шт.,0,,2018-10-27 00:00:00,2018-12-30 21:47:45,,1,16242"
"3012909,Женский клатч ""Ромашка Green"",10602,https://xn--b1amp7bwb.com.ua/p612306083-zhenskij-klatch-romashka.html,,шт.,0,,2018-10-27 00:00:00,2018-12-30 21:47:45,,1,16248"
"3012910,Женский клатч ""Ромашка Light gray"",10603,https://xn--b1amp7bwb.com.ua/p612303704-zhenskij-klatch-romashka.html,,шт.,0,,2018-10-27 00:00:00,2018-12-30 21:47:45,,1,16254"
"3012911,Женский клатч ""Миссис Light pink"",10604,https://xn--b1amp7bwb.com.ua/p612300887-zhenskij-klatch-missis.html,,шт.,0,,2018-10-27 00:00:00,2018-12-30 21:47:46,,1,16130"
"3012912,Женский клатч ""Миссис Gray"",10605,https://xn--b1amp7bwb.com.ua/p612300363-zhenskij-klatch-missis.html,,шт.,0,,2018-10-27 00:00:00,2018-12-30 21:47:46,,1,16123"
"3012913,Женский клатч ""Почтальонка Brown"",10606,https://xn--b1amp7bwb.com.ua/p612296797-zhenskij-klatch-pochtalonka.html,,шт.,0,,2018-10-27 00:00:00,2018-12-30 21:47:45,,1,16219"
"3012914,Женский клатч ""Неаполь Black"",10607,https://xn--b1amp7bwb.com.ua/p612290213-zhenskij-klatch-neapol.html,,шт.,0,,2018-10-27 00:00:00,2018-12-30 21:47:45,,1,16178"
"3012915,Женский клатч ""Монреаль Blue"",10608,https://xn--b1amp7bwb.com.ua/p612286428-zhenskij-klatch-monreal.html,,шт.,0,,2018-10-27 00:00:00,2018-12-30 21:47:45,,1,16158"
"3012916,Женский клатч ""Монреаль Black"",10609,https://xn--b1amp7bwb.com.ua/p612286114-zhenskij-klatch-monreal.html,,шт.,0,,2018-10-27 00:00:00,2018-12-30 21:47:45,,1,16152"
"3012917,Женский клатч ""Монреаль Ginger"",10610,https://xn--b1amp7bwb.com.ua/p612285480-zhenskij-klatch-monreal.html,,шт.,0,,2018-10-27 00:00:00,2018-12-30 21:47:45,,1,16165"
"3012918,Женский клатч ""Монреаль Dark Brown"",10611,https://xn--b1amp7bwb.com.ua/p612285019-zhenskij-klatch-monreal.html,,шт.,0,,2018-10-27 00:00:00,2018-12-30 21:44:31,,1,18226"
"3012919,Женский клатч ""Молодость 2 Black"",10612,https://xn--b1amp7bwb.com.ua/p612282127-zhenskij-klatch-molodost.html,,шт.,0,,2018-10-27 00:00:00,2018-12-30 21:47:45,,1,16137"
"3012920,Женский клатч ""Молодость Burgundy"",10613,https://xn--b1amp7bwb.com.ua/p612278553-zhenskij-klatch-molodost.html,,шт.,0,,2018-10-27 00:00:00,2018-12-30 21:44:32,,1,18224"
"3012921,Женский клатч ""Молодость Black"",10614,https://xn--b1amp7bwb.com.ua/p612277988-zhenskij-klatch-molodost.html,,шт.,0,,2018-10-27 00:00:00,2018-12-30 21:44:32,,1,18223"
"3012922,Женский клатч ""Милан Black"",10615,https://xn--b1amp7bwb.com.ua/p612273990-zhenskij-klatch-milan.html,,шт.,0,,2018-10-27 00:00:00,2018-12-30 21:44:32,,1,18220"
"3012923,Женский клатч ""Милан Burgundy"",10616,https://xn--b1amp7bwb.com.ua/p612273926-zhenskij-klatch-milan.html,,шт.,0,,2018-10-27 00:00:00,2018-12-30 21:47:46,,1,16059"
"3012924,Женский клатч ""Милан Light pink"",10617,https://xn--b1amp7bwb.com.ua/p612273482-zhenskij-klatch-milan.html,,шт.,0,,2018-10-27 00:00:00,2018-12-30 21:44:32,,1,18221"
"3012925,Женский клатч ""Луна Beige"",10620,https://xn--b1amp7bwb.com.ua/p612271441-zhenskij-klatch-luna.html,,шт.,0,,2018-10-27 00:00:00,2018-12-30 21:47:46,,1,16036"
"3012926,Женский клатч ""Крошка 2 Black"",10622,https://xn--b1amp7bwb.com.ua/p612265991-zhenskij-klatch-kroshka.html,,шт.,0,,2018-10-27 00:00:00,2018-12-30 21:47:46,,1,15989"
"3012927,Женский клатч ""Крошка Black"",10623,https://xn--b1amp7bwb.com.ua/p612263042-zhenskij-klatch-kroshka.html,,шт.,0,,2018-10-27 00:00:00,2018-12-30 21:44:32,,1,18218"
"3012928,Женский клатч ""Крошка Brown"",10624,https://xn--b1amp7bwb.com.ua/p612261591-zhenskij-klatch-kroshka.html,,шт.,0,,2018-10-27 00:00:00,2018-12-30 21:47:46,,1,16005"
"3012929,Женский клатч ""Крошка Silver"",10625,https://xn--b1amp7bwb.com.ua/p612261229-zhenskij-klatch-kroshka.html,,шт.,0,,2018-10-27 00:00:00,2018-12-30 21:47:46,,1,16013"
"3012930,Женский клатч ""Филадельфия Black"",10627,https://xn--b1amp7bwb.com.ua/p612258788-zhenskij-klatch-filadelfiya.html,,шт.,0,,2018-10-27 00:00:00,2018-12-30 21:47:45,,1,16385"
"3012931,Женский клатч ""Филадельфия Khaki"",10628,https://xn--b1amp7bwb.com.ua/p612258448-zhenskij-klatch-filadelfiya.html,,шт.,0,,2018-10-27 00:00:00,2018-12-30 21:47:45,,1,16407"
"3012932,Женский клатч ""Филадельфия Gray"",10629,https://xn--b1amp7bwb.com.ua/p612258025-zhenskij-klatch-filadelfiya.html,,шт.,0,,2018-10-27 00:00:00,2018-12-30 21:47:45,,1,16400"
"3012933,Женский клатч ""Филадельфия Pink"",10630,https://xn--b1amp7bwb.com.ua/p612258005-zhenskij-klatch-filadelfiya.html,,шт.,0,,2018-10-27 00:00:00,2018-12-30 21:47:45,,1,16413"
